registro_id,telefone,erb_id,data_hora
G00001,(81) 90001-0001,ERB4523,2025-01-01 07:02:00
G00002,(81) 90001-0002,ERB4521,2025-01-01 07:31:00
G00003,(81) 90001-0003,ERB4526,2025-01-01 16:51:00
G00004,(81) 90001-0004,ERB4521,2025-01-01 08:07:00
G00005,(81) 90001-0005,ERB4521,2025-01-01 19:53:00
G00006,(81) 90001-0006,ERB4521,2025-01-01 20:22:00
G00007,(81) 90001-0007,ERB4523,2025-01-01 17:49:00
G00008,(81) 90001-0008,ERB4522,2025-01-01 19:07:00
G00009,(81) 90001-0009,ERB4521,2025-01-01 22:01:00
G00010,(81) 90001-0010,ERB4524,2025-01-01 21:58:00
G00011,(81) 90001-0011,ERB4521,2025-01-01 21:31:00
G00012,(81) 90001-0012,ERB4523,2025-01-01 07:20:00
G00013,(81) 90001-0001,ERB4526,2025-01-02 13:29:00
G00014,(81) 90001-0002,ERB4522,2025-01-02 22:15:00
G00015,(81) 90001-0003,ERB4522,2025-01-02 19:31:00
G00016,(81) 90001-0004,ERB4522,2025-01-02 08:26:00
G00017,(81) 90001-0005,ERB4526,2025-01-02 11:40:00
G00018,(81) 90001-0006,ERB4523,2025-01-02 22:39:00
G00019,(81) 90001-0007,ERB4526,2025-01-02 20:31:00
G00020,(81) 90001-0008,ERB4524,2025-01-02 13:25:00
G00021,(81) 90001-0009,ERB4525,2025-01-02 11:52:00
G00022,(81) 90001-0010,ERB4526,2025-01-02 20:54:00
G00023,(81) 90001-0011,ERB4522,2025-01-02 15:37:00
G00024,(81) 90001-0012,ERB4525,2025-01-02 16:33:00
G00025,(81) 90001-0001,ERB4524,2025-01-03 14:54:00
G00026,(81) 90001-0002,ERB4523,2025-01-03 10:27:00
G00027,(81) 90001-0003,ERB4521,2025-01-03 15:07:00
G00028,(81) 90001-0004,ERB4523,2025-01-03 17:02:00
G00029,(81) 90001-0005,ERB4524,2025-01-03 16:37:00
G00030,(81) 90001-0006,ERB4521,2025-01-03 16:31:00
G00031,(81) 90001-0007,ERB4522,2025-01-03 14:38:00
G00032,(81) 90001-0008,ERB4521,2025-01-03 09:27:00
G00033,(81) 90001-0009,ERB4521,2025-01-03 20:00:00
G00034,(81) 90001-0010,ERB4525,2025-01-03 12:28:00
G00035,(81) 90001-0011,ERB4524,2025-01-03 20:49:00
G00036,(81) 90001-0012,ERB4525,2025-01-03 20:33:00
G00037,(81) 90001-0001,ERB4521,2025-01-04 12:48:00
G00038,(81) 90001-0002,ERB4521,2025-01-04 12:01:00
G00039,(81) 90001-0003,ERB4523,2025-01-04 15:06:00
G00040,(81) 90001-0004,ERB4525,2025-01-04 08:03:00
G00041,(81) 90001-0005,ERB4526,2025-01-04 19:54:00
G00042,(81) 90001-0006,ERB4524,2025-01-04 07:52:00
G00043,(81) 90001-0007,ERB4524,2025-01-04 13:07:00
G00044,(81) 90001-0008,ERB4526,2025-01-04 08:55:00
G00045,(81) 90001-0009,ERB4522,2025-01-04 17:53:00
G00046,(81) 90001-0010,ERB4522,2025-01-04 19:59:00
G00047,(81) 90001-0011,ERB4522,2025-01-04 20:10:00
G00048,(81) 90001-0012,ERB4525,2025-01-04 17:28:00
G00049,(81) 90001-0001,ERB4521,2025-01-05 17:30:00
G00050,(81) 90001-0002,ERB4521,2025-01-05 11:54:00
G00051,(81) 90001-0003,ERB4523,2025-01-05 21:52:00
G00052,(81) 90001-0004,ERB4523,2025-01-05 22:06:00
G00053,(81) 90001-0005,ERB4521,2025-01-05 21:47:00
G00054,(81) 90001-0006,ERB4524,2025-01-05 18:07:00
G00055,(81) 90001-0007,ERB4524,2025-01-05 07:26:00
G00056,(81) 90001-0008,ERB4521,2025-01-05 12:57:00
G00057,(81) 90001-0009,ERB4524,2025-01-05 11:17:00
G00058,(81) 90001-0010,ERB4525,2025-01-05 21:03:00
G00059,(81) 90001-0011,ERB4523,2025-01-05 21:57:00
G00060,(81) 90001-0012,ERB4525,2025-01-05 09:40:00
G00061,(81) 90001-0001,ERB4525,2025-01-06 20:42:00
G00062,(81) 90001-0002,ERB4526,2025-01-06 19:53:00
G00063,(81) 90001-0003,ERB4526,2025-01-06 07:49:00
G00064,(81) 90001-0004,ERB4524,2025-01-06 22:18:00
G00065,(81) 90001-0005,ERB4526,2025-01-06 11:33:00
G00066,(81) 90001-0006,ERB4526,2025-01-06 08:14:00
G00067,(81) 90001-0007,ERB4523,2025-01-06 14:53:00
G00068,(81) 90001-0008,ERB4521,2025-01-06 09:59:00
G00069,(81) 90001-0009,ERB4524,2025-01-06 09:12:00
G00070,(81) 90001-0010,ERB4525,2025-01-06 15:27:00
G00071,(81) 90001-0011,ERB4521,2025-01-06 10:16:00
G00072,(81) 90001-0012,ERB4521,2025-01-06 16:42:00
G00073,(81) 90001-0001,ERB4523,2025-01-07 11:47:00
G00074,(81) 90001-0002,ERB4526,2025-01-07 11:36:00
G00075,(81) 90001-0003,ERB4522,2025-01-07 13:26:00
G00076,(81) 90001-0004,ERB4523,2025-01-07 09:23:00
G00077,(81) 90001-0005,ERB4526,2025-01-07 07:49:00
G00078,(81) 90001-0006,ERB4524,2025-01-07 21:31:00
G00079,(81) 90001-0007,ERB4521,2025-01-07 08:56:00
G00080,(81) 90001-0008,ERB4521,2025-01-07 16:48:00
G00081,(81) 90001-0009,ERB4523,2025-01-07 16:01:00
G00082,(81) 90001-0010,ERB4524,2025-01-07 07:43:00
G00083,(81) 90001-0011,ERB4526,2025-01-07 12:48:00
G00084,(81) 90001-0012,ERB4521,2025-01-07 12:36:00
G00085,(81) 90001-0001,ERB4524,2025-01-08 11:28:00
G00086,(81) 90001-0002,ERB4522,2025-01-08 07:58:00
G00087,(81) 90001-0003,ERB4521,2025-01-08 19:17:00
G00088,(81) 90001-0004,ERB4524,2025-01-08 11:09:00
G00089,(81) 90001-0005,ERB4524,2025-01-08 09:26:00
G00090,(81) 90001-0006,ERB4522,2025-01-08 22:07:00
G00091,(81) 90001-0007,ERB4524,2025-01-08 20:26:00
G00092,(81) 90001-0008,ERB4523,2025-01-08 16:50:00
G00093,(81) 90001-0009,ERB4521,2025-01-08 10:50:00
G00094,(81) 90001-0010,ERB4523,2025-01-08 16:35:00
G00095,(81) 90001-0011,ERB4521,2025-01-08 13:47:00
G00096,(81) 90001-0012,ERB4523,2025-01-08 22:42:00
G00097,(81) 90001-0001,ERB4525,2025-01-09 19:43:00
G00098,(81) 90001-0002,ERB4525,2025-01-09 08:21:00
G00099,(81) 90001-0003,ERB4523,2025-01-09 16:36:00
G00100,(81) 90001-0004,ERB4524,2025-01-09 18:11:00
G00101,(81) 90001-0005,ERB4522,2025-01-09 10:06:00
G00102,(81) 90001-0006,ERB4524,2025-01-09 12:15:00
G00103,(81) 90001-0007,ERB4526,2025-01-09 18:42:00
G00104,(81) 90001-0008,ERB4526,2025-01-09 19:51:00
G00105,(81) 90001-0009,ERB4521,2025-01-09 15:42:00
G00106,(81) 90001-0010,ERB4521,2025-01-09 14:37:00
G00107,(81) 90001-0011,ERB4522,2025-01-09 08:41:00
G00108,(81) 90001-0012,ERB4526,2025-01-09 15:25:00
G00109,(81) 90001-0001,ERB4521,2025-01-10 12:59:00
G00110,(81) 90001-0002,ERB4524,2025-01-10 16:44:00
G00111,(81) 90001-0003,ERB4523,2025-01-10 22:21:00
G00112,(81) 90001-0004,ERB4521,2025-01-10 16:57:00
G00113,(81) 90001-0005,ERB4524,2025-01-10 11:28:00
G00114,(81) 90001-0006,ERB4526,2025-01-10 14:56:00
G00115,(81) 90001-0007,ERB4526,2025-01-10 09:27:00
G00116,(81) 90001-0008,ERB4521,2025-01-10 19:42:00
G00117,(81) 90001-0009,ERB4523,2025-01-10 22:26:00
G00118,(81) 90001-0010,ERB4523,2025-01-10 15:01:00
G00119,(81) 90001-0011,ERB4523,2025-01-10 18:08:00
G00120,(81) 90001-0012,ERB4524,2025-01-10 08:45:00
G00121,(81) 90001-0001,ERB4521,2025-01-10 20:15:00
G00122,(81) 90001-0004,ERB4521,2025-01-10 20:21:00
G00123,(81) 90001-0001,ERB4522,2025-01-11 21:52:00
G00124,(81) 90001-0002,ERB4522,2025-01-11 22:51:00
G00125,(81) 90001-0003,ERB4522,2025-01-11 12:28:00
G00126,(81) 90001-0004,ERB4526,2025-01-11 15:27:00
G00127,(81) 90001-0005,ERB4526,2025-01-11 09:45:00
G00128,(81) 90001-0006,ERB4525,2025-01-11 20:32:00
G00129,(81) 90001-0007,ERB4524,2025-01-11 15:20:00
G00130,(81) 90001-0008,ERB4526,2025-01-11 07:38:00
G00131,(81) 90001-0009,ERB4521,2025-01-11 18:07:00
G00132,(81) 90001-0010,ERB4526,2025-01-11 18:08:00
G00133,(81) 90001-0011,ERB4525,2025-01-11 09:03:00
G00134,(81) 90001-0012,ERB4523,2025-01-11 10:40:00
G00135,(81) 90001-0001,ERB4525,2025-01-12 11:44:00
G00136,(81) 90001-0002,ERB4521,2025-01-12 18:50:00
G00137,(81) 90001-0003,ERB4521,2025-01-12 14:51:00
G00138,(81) 90001-0004,ERB4521,2025-01-12 19:27:00
G00139,(81) 90001-0005,ERB4526,2025-01-12 18:46:00
G00140,(81) 90001-0006,ERB4524,2025-01-12 13:40:00
G00141,(81) 90001-0007,ERB4521,2025-01-12 11:06:00
G00142,(81) 90001-0008,ERB4522,2025-01-12 11:21:00
G00143,(81) 90001-0009,ERB4526,2025-01-12 07:42:00
G00144,(81) 90001-0010,ERB4526,2025-01-12 22:33:00
G00145,(81) 90001-0011,ERB4525,2025-01-12 21:55:00
G00146,(81) 90001-0012,ERB4525,2025-01-12 20:38:00
G00147,(81) 90001-0001,ERB4521,2025-01-13 18:43:00
G00148,(81) 90001-0002,ERB4521,2025-01-13 20:22:00
G00149,(81) 90001-0003,ERB4522,2025-01-13 11:26:00
G00150,(81) 90001-0004,ERB4522,2025-01-13 08:40:00
G00151,(81) 90001-0005,ERB4525,2025-01-13 19:14:00
G00152,(81) 90001-0006,ERB4522,2025-01-13 08:43:00
G00153,(81) 90001-0007,ERB4524,2025-01-13 07:46:00
G00154,(81) 90001-0008,ERB4521,2025-01-13 19:55:00
G00155,(81) 90001-0009,ERB4524,2025-01-13 12:05:00
G00156,(81) 90001-0010,ERB4526,2025-01-13 20:07:00
G00157,(81) 90001-0011,ERB4524,2025-01-13 08:17:00
G00158,(81) 90001-0012,ERB4521,2025-01-13 13:57:00
G00159,(81) 90001-0001,ERB4526,2025-01-14 22:11:00
G00160,(81) 90001-0002,ERB4525,2025-01-14 12:36:00
G00161,(81) 90001-0003,ERB4521,2025-01-14 10:12:00
G00162,(81) 90001-0004,ERB4521,2025-01-14 09:06:00
G00163,(81) 90001-0005,ERB4526,2025-01-14 16:47:00
G00164,(81) 90001-0006,ERB4521,2025-01-14 18:30:00
G00165,(81) 90001-0007,ERB4522,2025-01-14 19:44:00
G00166,(81) 90001-0008,ERB4521,2025-01-14 16:36:00
G00167,(81) 90001-0009,ERB4525,2025-01-14 08:19:00
G00168,(81) 90001-0010,ERB4522,2025-01-14 21:47:00
G00169,(81) 90001-0011,ERB4525,2025-01-14 12:32:00
G00170,(81) 90001-0012,ERB4523,2025-01-14 07:39:00
G00171,(81) 90001-0001,ERB4521,2025-01-15 12:13:00
G00172,(81) 90001-0002,ERB4525,2025-01-15 20:51:00
G00173,(81) 90001-0003,ERB4521,2025-01-15 07:32:00
G00174,(81) 90001-0004,ERB4521,2025-01-15 19:24:00
G00175,(81) 90001-0005,ERB4523,2025-01-15 12:06:00
G00176,(81) 90001-0006,ERB4522,2025-01-15 11:23:00
G00177,(81) 90001-0007,ERB4522,2025-01-15 19:47:00
G00178,(81) 90001-0008,ERB4524,2025-01-15 12:48:00
G00179,(81) 90001-0009,ERB4522,2025-01-15 10:47:00
G00180,(81) 90001-0010,ERB4522,2025-01-15 20:45:00
G00181,(81) 90001-0011,ERB4526,2025-01-15 14:45:00
G00182,(81) 90001-0012,ERB4524,2025-01-15 22:08:00
G00183,(81) 90001-0001,ERB4521,2025-01-16 22:12:00
G00184,(81) 90001-0002,ERB4525,2025-01-16 08:54:00
G00185,(81) 90001-0003,ERB4521,2025-01-16 14:52:00
G00186,(81) 90001-0004,ERB4525,2025-01-16 14:52:00
G00187,(81) 90001-0005,ERB4521,2025-01-16 08:47:00
G00188,(81) 90001-0006,ERB4525,2025-01-16 18:37:00
G00189,(81) 90001-0007,ERB4521,2025-01-16 15:42:00
G00190,(81) 90001-0008,ERB4524,2025-01-16 19:20:00
G00191,(81) 90001-0009,ERB4521,2025-01-16 17:39:00
G00192,(81) 90001-0010,ERB4525,2025-01-16 12:42:00
G00193,(81) 90001-0011,ERB4523,2025-01-16 20:24:00
G00194,(81) 90001-0012,ERB4525,2025-01-16 17:42:00
G00195,(81) 90001-0001,ERB4521,2025-01-17 07:14:00
G00196,(81) 90001-0002,ERB4523,2025-01-17 20:41:00
G00197,(81) 90001-0003,ERB4526,2025-01-17 20:49:00
G00198,(81) 90001-0004,ERB4524,2025-01-17 11:33:00
G00199,(81) 90001-0005,ERB4525,2025-01-17 15:56:00
G00200,(81) 90001-0006,ERB4522,2025-01-17 11:10:00
G00201,(81) 90001-0007,ERB4525,2025-01-17 16:19:00
G00202,(81) 90001-0008,ERB4521,2025-01-17 16:06:00
G00203,(81) 90001-0009,ERB4523,2025-01-17 07:32:00
G00204,(81) 90001-0010,ERB4526,2025-01-17 20:37:00
G00205,(81) 90001-0011,ERB4523,2025-01-17 11:20:00
G00206,(81) 90001-0012,ERB4525,2025-01-17 22:14:00
G00207,(81) 90001-0001,ERB4523,2025-01-18 15:18:00
G00208,(81) 90001-0002,ERB4526,2025-01-18 09:29:00
G00209,(81) 90001-0003,ERB4524,2025-01-18 14:15:00
G00210,(81) 90001-0004,ERB4521,2025-01-18 11:38:00
G00211,(81) 90001-0005,ERB4521,2025-01-18 08:49:00
G00212,(81) 90001-0006,ERB4523,2025-01-18 21:28:00
G00213,(81) 90001-0007,ERB4524,2025-01-18 07:55:00
G00214,(81) 90001-0008,ERB4524,2025-01-18 07:37:00
G00215,(81) 90001-0009,ERB4525,2025-01-18 07:02:00
G00216,(81) 90001-0010,ERB4523,2025-01-18 22:19:00
G00217,(81) 90001-0011,ERB4521,2025-01-18 18:01:00
G00218,(81) 90001-0012,ERB4522,2025-01-18 15:10:00
G00219,(81) 90001-0001,ERB4521,2025-01-19 17:54:00
G00220,(81) 90001-0002,ERB4522,2025-01-19 08:04:00
G00221,(81) 90001-0003,ERB4526,2025-01-19 20:58:00
G00222,(81) 90001-0004,ERB4526,2025-01-19 13:47:00
G00223,(81) 90001-0005,ERB4526,2025-01-19 12:53:00
G00224,(81) 90001-0006,ERB4522,2025-01-19 15:59:00
G00225,(81) 90001-0007,ERB4526,2025-01-19 16:34:00
G00226,(81) 90001-0008,ERB4526,2025-01-19 21:36:00
G00227,(81) 90001-0009,ERB4522,2025-01-19 13:16:00
G00228,(81) 90001-0010,ERB4525,2025-01-19 20:41:00
G00229,(81) 90001-0011,ERB4523,2025-01-19 17:37:00
G00230,(81) 90001-0012,ERB4524,2025-01-19 09:15:00
G00231,(81) 90001-0001,ERB4526,2025-01-20 07:45:00
G00232,(81) 90001-0002,ERB4521,2025-01-20 21:13:00
G00233,(81) 90001-0003,ERB4524,2025-01-20 15:18:00
G00234,(81) 90001-0004,ERB4523,2025-01-20 20:38:00
G00235,(81) 90001-0005,ERB4525,2025-01-20 16:17:00
G00236,(81) 90001-0006,ERB4523,2025-01-20 13:40:00
G00237,(81) 90001-0007,ERB4524,2025-01-20 14:14:00
G00238,(81) 90001-0008,ERB4522,2025-01-20 10:36:00
G00239,(81) 90001-0009,ERB4526,2025-01-20 09:34:00
G00240,(81) 90001-0010,ERB4521,2025-01-20 12:32:00
G00241,(81) 90001-0011,ERB4525,2025-01-20 11:59:00
G00242,(81) 90001-0012,ERB4524,2025-01-20 20:00:00
G00243,(81) 90001-0001,ERB4523,2025-01-21 09:29:00
G00244,(81) 90001-0002,ERB4524,2025-01-21 17:57:00
G00245,(81) 90001-0003,ERB4526,2025-01-21 14:51:00
G00246,(81) 90001-0004,ERB4521,2025-01-21 08:41:00
G00247,(81) 90001-0005,ERB4524,2025-01-21 15:09:00
G00248,(81) 90001-0006,ERB4525,2025-01-21 10:37:00
G00249,(81) 90001-0007,ERB4525,2025-01-21 09:24:00
G00250,(81) 90001-0008,ERB4524,2025-01-21 19:35:00
G00251,(81) 90001-0009,ERB4526,2025-01-21 16:11:00
G00252,(81) 90001-0010,ERB4523,2025-01-21 20:24:00
G00253,(81) 90001-0011,ERB4523,2025-01-21 07:27:00
G00254,(81) 90001-0012,ERB4524,2025-01-21 07:53:00
G00255,(81) 90001-0001,ERB4525,2025-01-22 19:28:00
G00256,(81) 90001-0002,ERB4521,2025-01-22 15:25:00
G00257,(81) 90001-0003,ERB4524,2025-01-22 09:02:00
G00258,(81) 90001-0004,ERB4523,2025-01-22 21:30:00
G00259,(81) 90001-0005,ERB4525,2025-01-22 12:55:00
G00260,(81) 90001-0006,ERB4521,2025-01-22 08:11:00
G00261,(81) 90001-0007,ERB4522,2025-01-22 14:08:00
G00262,(81) 90001-0008,ERB4522,2025-01-22 09:00:00
G00263,(81) 90001-0009,ERB4524,2025-01-22 10:19:00
G00264,(81) 90001-0010,ERB4524,2025-01-22 14:09:00
G00265,(81) 90001-0011,ERB4521,2025-01-22 18:09:00
G00266,(81) 90001-0012,ERB4523,2025-01-22 14:42:00
G00267,(81) 90001-0001,ERB4521,2025-01-22 20:15:00
G00268,(81) 90001-0004,ERB4521,2025-01-22 20:21:00
G00269,(81) 90001-0001,ERB4526,2025-01-23 18:35:00
G00270,(81) 90001-0002,ERB4522,2025-01-23 13:44:00
G00271,(81) 90001-0003,ERB4523,2025-01-23 22:39:00
G00272,(81) 90001-0004,ERB4525,2025-01-23 21:59:00
G00273,(81) 90001-0005,ERB4526,2025-01-23 20:24:00
G00274,(81) 90001-0006,ERB4523,2025-01-23 18:33:00
G00275,(81) 90001-0007,ERB4525,2025-01-23 12:17:00
G00276,(81) 90001-0008,ERB4525,2025-01-23 16:17:00
G00277,(81) 90001-0009,ERB4521,2025-01-23 07:58:00
G00278,(81) 90001-0010,ERB4524,2025-01-23 07:27:00
G00279,(81) 90001-0011,ERB4521,2025-01-23 11:24:00
G00280,(81) 90001-0012,ERB4522,2025-01-23 11:02:00
G00281,(81) 90001-0001,ERB4525,2025-01-24 10:12:00
G00282,(81) 90001-0002,ERB4522,2025-01-24 20:41:00
G00283,(81) 90001-0003,ERB4524,2025-01-24 15:08:00
G00284,(81) 90001-0004,ERB4526,2025-01-24 09:50:00
G00285,(81) 90001-0005,ERB4522,2025-01-24 13:01:00
G00286,(81) 90001-0006,ERB4526,2025-01-24 09:55:00
G00287,(81) 90001-0007,ERB4522,2025-01-24 14:23:00
G00288,(81) 90001-0008,ERB4521,2025-01-24 22:02:00
G00289,(81) 90001-0009,ERB4523,2025-01-24 15:59:00
G00290,(81) 90001-0010,ERB4523,2025-01-24 13:33:00
G00291,(81) 90001-0011,ERB4521,2025-01-24 21:09:00
G00292,(81) 90001-0012,ERB4524,2025-01-24 14:32:00
G00293,(81) 90001-0001,ERB4526,2025-01-25 08:12:00
G00294,(81) 90001-0002,ERB4521,2025-01-25 21:40:00
G00295,(81) 90001-0003,ERB4526,2025-01-25 20:51:00
G00296,(81) 90001-0004,ERB4522,2025-01-25 22:01:00
G00297,(81) 90001-0005,ERB4522,2025-01-25 16:45:00
G00298,(81) 90001-0006,ERB4522,2025-01-25 12:10:00
G00299,(81) 90001-0007,ERB4522,2025-01-25 13:35:00
G00300,(81) 90001-0008,ERB4525,2025-01-25 10:15:00
G00301,(81) 90001-0009,ERB4522,2025-01-25 07:50:00
G00302,(81) 90001-0010,ERB4526,2025-01-25 10:08:00
G00303,(81) 90001-0011,ERB4524,2025-01-25 14:23:00
G00304,(81) 90001-0012,ERB4526,2025-01-25 22:24:00
G00305,(81) 90001-0001,ERB4524,2025-01-26 09:52:00
G00306,(81) 90001-0002,ERB4522,2025-01-26 13:49:00
G00307,(81) 90001-0003,ERB4523,2025-01-26 15:54:00
G00308,(81) 90001-0004,ERB4521,2025-01-26 15:50:00
G00309,(81) 90001-0005,ERB4522,2025-01-26 16:19:00
G00310,(81) 90001-0006,ERB4521,2025-01-26 22:12:00
G00311,(81) 90001-0007,ERB4522,2025-01-26 12:51:00
G00312,(81) 90001-0008,ERB4526,2025-01-26 20:08:00
G00313,(81) 90001-0009,ERB4525,2025-01-26 16:15:00
G00314,(81) 90001-0010,ERB4522,2025-01-26 16:35:00
G00315,(81) 90001-0011,ERB4525,2025-01-26 20:02:00
G00316,(81) 90001-0012,ERB4526,2025-01-26 11:32:00
G00317,(81) 90001-0001,ERB4523,2025-01-27 19:10:00
G00318,(81) 90001-0002,ERB4524,2025-01-27 13:29:00
G00319,(81) 90001-0003,ERB4526,2025-01-27 12:38:00
G00320,(81) 90001-0004,ERB4524,2025-01-27 07:08:00
G00321,(81) 90001-0005,ERB4521,2025-01-27 20:22:00
G00322,(81) 90001-0006,ERB4523,2025-01-27 17:18:00
G00323,(81) 90001-0007,ERB4521,2025-01-27 21:32:00
G00324,(81) 90001-0008,ERB4521,2025-01-27 10:20:00
G00325,(81) 90001-0009,ERB4523,2025-01-27 19:42:00
G00326,(81) 90001-0010,ERB4524,2025-01-27 16:35:00
G00327,(81) 90001-0011,ERB4523,2025-01-27 08:10:00
G00328,(81) 90001-0012,ERB4521,2025-01-27 17:27:00
G00329,(81) 90001-0001,ERB4524,2025-01-28 17:06:00
G00330,(81) 90001-0002,ERB4524,2025-01-28 21:09:00
G00331,(81) 90001-0003,ERB4524,2025-01-28 21:02:00
G00332,(81) 90001-0004,ERB4522,2025-01-28 09:54:00
G00333,(81) 90001-0005,ERB4522,2025-01-28 13:18:00
G00334,(81) 90001-0006,ERB4522,2025-01-28 19:20:00
G00335,(81) 90001-0007,ERB4525,2025-01-28 11:59:00
G00336,(81) 90001-0008,ERB4522,2025-01-28 19:33:00
G00337,(81) 90001-0009,ERB4525,2025-01-28 17:31:00
G00338,(81) 90001-0010,ERB4524,2025-01-28 17:43:00
G00339,(81) 90001-0011,ERB4524,2025-01-28 20:54:00
G00340,(81) 90001-0012,ERB4524,2025-01-28 08:24:00
G00341,(81) 90001-0001,ERB4521,2025-01-29 18:38:00
G00342,(81) 90001-0002,ERB4525,2025-01-29 22:18:00
G00343,(81) 90001-0003,ERB4526,2025-01-29 22:09:00
G00344,(81) 90001-0004,ERB4522,2025-01-29 10:33:00
G00345,(81) 90001-0005,ERB4521,2025-01-29 10:54:00
G00346,(81) 90001-0006,ERB4521,2025-01-29 13:54:00
G00347,(81) 90001-0007,ERB4522,2025-01-29 12:43:00
G00348,(81) 90001-0008,ERB4522,2025-01-29 15:19:00
G00349,(81) 90001-0009,ERB4524,2025-01-29 11:52:00
G00350,(81) 90001-0010,ERB4523,2025-01-29 10:48:00
G00351,(81) 90001-0011,ERB4523,2025-01-29 15:17:00
G00352,(81) 90001-0012,ERB4526,2025-01-29 21:32:00
G00353,(81) 90001-0001,ERB4526,2025-01-30 22:44:00
G00354,(81) 90001-0002,ERB4522,2025-01-30 15:44:00
G00355,(81) 90001-0003,ERB4526,2025-01-30 19:07:00
G00356,(81) 90001-0004,ERB4523,2025-01-30 17:41:00
G00357,(81) 90001-0005,ERB4523,2025-01-30 12:48:00
G00358,(81) 90001-0006,ERB4526,2025-01-30 09:21:00
G00359,(81) 90001-0007,ERB4524,2025-01-30 19:57:00
G00360,(81) 90001-0008,ERB4521,2025-01-30 20:14:00
G00361,(81) 90001-0009,ERB4522,2025-01-30 22:11:00
G00362,(81) 90001-0010,ERB4522,2025-01-30 21:24:00
G00363,(81) 90001-0011,ERB4522,2025-01-30 21:59:00
G00364,(81) 90001-0012,ERB4526,2025-01-30 18:20:00
G00365,(81) 90001-0001,ERB4523,2025-01-31 17:00:00
G00366,(81) 90001-0002,ERB4524,2025-01-31 09:51:00
G00367,(81) 90001-0003,ERB4521,2025-01-31 07:27:00
G00368,(81) 90001-0004,ERB4523,2025-01-31 17:06:00
G00369,(81) 90001-0005,ERB4525,2025-01-31 21:09:00
G00370,(81) 90001-0006,ERB4522,2025-01-31 15:23:00
G00371,(81) 90001-0007,ERB4525,2025-01-31 13:36:00
G00372,(81) 90001-0008,ERB4525,2025-01-31 07:09:00
G00373,(81) 90001-0009,ERB4522,2025-01-31 15:01:00
G00374,(81) 90001-0010,ERB4525,2025-01-31 15:50:00
G00375,(81) 90001-0011,ERB4521,2025-01-31 08:37:00
G00376,(81) 90001-0012,ERB4524,2025-01-31 19:55:00
G00377,(81) 90001-0001,ERB4522,2025-02-01 15:24:00
G00378,(81) 90001-0002,ERB4521,2025-02-01 13:51:00
G00379,(81) 90001-0003,ERB4522,2025-02-01 21:37:00
G00380,(81) 90001-0004,ERB4522,2025-02-01 11:44:00
G00381,(81) 90001-0005,ERB4526,2025-02-01 11:12:00
G00382,(81) 90001-0006,ERB4521,2025-02-01 19:25:00
G00383,(81) 90001-0007,ERB4522,2025-02-01 18:29:00
G00384,(81) 90001-0008,ERB4526,2025-02-01 19:29:00
G00385,(81) 90001-0009,ERB4521,2025-02-01 21:14:00
G00386,(81) 90001-0010,ERB4525,2025-02-01 18:05:00
G00387,(81) 90001-0011,ERB4526,2025-02-01 10:44:00
G00388,(81) 90001-0012,ERB4521,2025-02-01 14:50:00
G00389,(81) 90001-0001,ERB4522,2025-02-02 22:11:00
G00390,(81) 90001-0002,ERB4524,2025-02-02 18:12:00
G00391,(81) 90001-0003,ERB4525,2025-02-02 14:55:00
G00392,(81) 90001-0004,ERB4522,2025-02-02 15:24:00
G00393,(81) 90001-0005,ERB4521,2025-02-02 10:04:00
G00394,(81) 90001-0006,ERB4521,2025-02-02 18:23:00
G00395,(81) 90001-0007,ERB4522,2025-02-02 09:36:00
G00396,(81) 90001-0008,ERB4523,2025-02-02 15:11:00
G00397,(81) 90001-0009,ERB4522,2025-02-02 09:54:00
G00398,(81) 90001-0010,ERB4525,2025-02-02 15:35:00
G00399,(81) 90001-0011,ERB4522,2025-02-02 17:17:00
G00400,(81) 90001-0012,ERB4521,2025-02-02 16:45:00
G00401,(81) 90001-0001,ERB4523,2025-02-03 20:47:00
G00402,(81) 90001-0002,ERB4525,2025-02-03 11:17:00
G00403,(81) 90001-0003,ERB4521,2025-02-03 20:58:00
G00404,(81) 90001-0004,ERB4526,2025-02-03 21:58:00
G00405,(81) 90001-0005,ERB4521,2025-02-03 21:51:00
G00406,(81) 90001-0006,ERB4522,2025-02-03 21:31:00
G00407,(81) 90001-0007,ERB4525,2025-02-03 07:50:00
G00408,(81) 90001-0008,ERB4524,2025-02-03 09:31:00
G00409,(81) 90001-0009,ERB4524,2025-02-03 22:10:00
G00410,(81) 90001-0010,ERB4526,2025-02-03 08:24:00
G00411,(81) 90001-0011,ERB4525,2025-02-03 12:34:00
G00412,(81) 90001-0012,ERB4524,2025-02-03 16:59:00
G00413,(81) 90001-0001,ERB4522,2025-02-04 16:39:00
G00414,(81) 90001-0002,ERB4522,2025-02-04 09:09:00
G00415,(81) 90001-0003,ERB4521,2025-02-04 22:04:00
G00416,(81) 90001-0004,ERB4521,2025-02-04 11:08:00
G00417,(81) 90001-0005,ERB4524,2025-02-04 16:27:00
G00418,(81) 90001-0006,ERB4526,2025-02-04 20:59:00
G00419,(81) 90001-0007,ERB4521,2025-02-04 19:28:00
G00420,(81) 90001-0008,ERB4525,2025-02-04 20:52:00
G00421,(81) 90001-0009,ERB4521,2025-02-04 10:07:00
G00422,(81) 90001-0010,ERB4521,2025-02-04 16:43:00
G00423,(81) 90001-0011,ERB4522,2025-02-04 15:34:00
G00424,(81) 90001-0012,ERB4521,2025-02-04 13:45:00
G00425,(81) 90001-0001,ERB4525,2025-02-05 16:17:00
G00426,(81) 90001-0002,ERB4524,2025-02-05 19:39:00
G00427,(81) 90001-0003,ERB4524,2025-02-05 09:52:00
G00428,(81) 90001-0004,ERB4522,2025-02-05 10:31:00
G00429,(81) 90001-0005,ERB4523,2025-02-05 11:39:00
G00430,(81) 90001-0006,ERB4525,2025-02-05 21:59:00
G00431,(81) 90001-0007,ERB4522,2025-02-05 16:56:00
G00432,(81) 90001-0008,ERB4523,2025-02-05 17:48:00
G00433,(81) 90001-0009,ERB4521,2025-02-05 09:29:00
G00434,(81) 90001-0010,ERB4521,2025-02-05 17:21:00
G00435,(81) 90001-0011,ERB4525,2025-02-05 11:57:00
G00436,(81) 90001-0012,ERB4522,2025-02-05 09:08:00
G00437,(81) 90001-0001,ERB4521,2025-02-05 20:15:00
G00438,(81) 90001-0004,ERB4521,2025-02-05 20:21:00
G00439,(81) 90001-0001,ERB4523,2025-02-06 10:49:00
G00440,(81) 90001-0002,ERB4524,2025-02-06 11:09:00
G00441,(81) 90001-0003,ERB4524,2025-02-06 18:11:00
G00442,(81) 90001-0004,ERB4523,2025-02-06 17:48:00
G00443,(81) 90001-0005,ERB4525,2025-02-06 12:58:00
G00444,(81) 90001-0006,ERB4526,2025-02-06 21:38:00
G00445,(81) 90001-0007,ERB4526,2025-02-06 07:56:00
G00446,(81) 90001-0008,ERB4525,2025-02-06 18:15:00
G00447,(81) 90001-0009,ERB4524,2025-02-06 09:32:00
G00448,(81) 90001-0010,ERB4525,2025-02-06 15:09:00
G00449,(81) 90001-0011,ERB4523,2025-02-06 12:54:00
G00450,(81) 90001-0012,ERB4521,2025-02-06 07:05:00
G00451,(81) 90001-0001,ERB4526,2025-02-07 12:15:00
G00452,(81) 90001-0002,ERB4525,2025-02-07 15:03:00
G00453,(81) 90001-0003,ERB4523,2025-02-07 07:51:00
G00454,(81) 90001-0004,ERB4524,2025-02-07 14:53:00
G00455,(81) 90001-0005,ERB4521,2025-02-07 08:52:00
G00456,(81) 90001-0006,ERB4522,2025-02-07 17:27:00
G00457,(81) 90001-0007,ERB4521,2025-02-07 13:24:00
G00458,(81) 90001-0008,ERB4524,2025-02-07 09:49:00
G00459,(81) 90001-0009,ERB4523,2025-02-07 18:35:00
G00460,(81) 90001-0010,ERB4525,2025-02-07 21:12:00
G00461,(81) 90001-0011,ERB4522,2025-02-07 19:45:00
G00462,(81) 90001-0012,ERB4522,2025-02-07 16:26:00
G00463,(81) 90001-0001,ERB4523,2025-02-08 16:50:00
G00464,(81) 90001-0002,ERB4526,2025-02-08 11:30:00
G00465,(81) 90001-0003,ERB4526,2025-02-08 09:12:00
G00466,(81) 90001-0004,ERB4524,2025-02-08 15:09:00
G00467,(81) 90001-0005,ERB4526,2025-02-08 22:39:00
G00468,(81) 90001-0006,ERB4523,2025-02-08 13:35:00
G00469,(81) 90001-0007,ERB4524,2025-02-08 11:19:00
G00470,(81) 90001-0008,ERB4523,2025-02-08 20:17:00
G00471,(81) 90001-0009,ERB4523,2025-02-08 15:55:00
G00472,(81) 90001-0010,ERB4525,2025-02-08 21:23:00
G00473,(81) 90001-0011,ERB4521,2025-02-08 13:55:00
G00474,(81) 90001-0012,ERB4526,2025-02-08 22:07:00
G00475,(81) 90001-0001,ERB4526,2025-02-09 13:43:00
G00476,(81) 90001-0002,ERB4523,2025-02-09 15:36:00
G00477,(81) 90001-0003,ERB4522,2025-02-09 12:51:00
G00478,(81) 90001-0004,ERB4522,2025-02-09 10:52:00
G00479,(81) 90001-0005,ERB4523,2025-02-09 15:26:00
G00480,(81) 90001-0006,ERB4522,2025-02-09 18:26:00
G00481,(81) 90001-0007,ERB4521,2025-02-09 09:18:00
G00482,(81) 90001-0008,ERB4521,2025-02-09 20:24:00
G00483,(81) 90001-0009,ERB4526,2025-02-09 15:08:00
G00484,(81) 90001-0010,ERB4524,2025-02-09 17:17:00
G00485,(81) 90001-0011,ERB4525,2025-02-09 20:19:00
G00486,(81) 90001-0012,ERB4524,2025-02-09 22:45:00
G00487,(81) 90001-0001,ERB4523,2025-02-10 15:01:00
G00488,(81) 90001-0002,ERB4522,2025-02-10 13:47:00
G00489,(81) 90001-0003,ERB4521,2025-02-10 19:22:00
G00490,(81) 90001-0004,ERB4524,2025-02-10 13:31:00
G00491,(81) 90001-0005,ERB4523,2025-02-10 19:04:00
G00492,(81) 90001-0006,ERB4524,2025-02-10 14:18:00
G00493,(81) 90001-0007,ERB4525,2025-02-10 13:12:00
G00494,(81) 90001-0008,ERB4524,2025-02-10 09:04:00
G00495,(81) 90001-0009,ERB4521,2025-02-10 19:32:00
G00496,(81) 90001-0010,ERB4523,2025-02-10 11:11:00
G00497,(81) 90001-0011,ERB4523,2025-02-10 18:06:00
G00498,(81) 90001-0012,ERB4526,2025-02-10 11:59:00
G00499,(81) 90001-0001,ERB4524,2025-02-11 16:53:00
G00500,(81) 90001-0002,ERB4523,2025-02-11 21:13:00
G00501,(81) 90001-0003,ERB4523,2025-02-11 12:13:00
G00502,(81) 90001-0004,ERB4523,2025-02-11 14:54:00
G00503,(81) 90001-0005,ERB4524,2025-02-11 13:43:00
G00504,(81) 90001-0006,ERB4521,2025-02-11 16:01:00
G00505,(81) 90001-0007,ERB4525,2025-02-11 13:51:00
G00506,(81) 90001-0008,ERB4521,2025-02-11 11:35:00
G00507,(81) 90001-0009,ERB4523,2025-02-11 14:47:00
G00508,(81) 90001-0010,ERB4521,2025-02-11 08:49:00
G00509,(81) 90001-0011,ERB4526,2025-02-11 07:53:00
G00510,(81) 90001-0012,ERB4525,2025-02-11 17:23:00
G00511,(81) 90001-0001,ERB4522,2025-02-12 08:42:00
G00512,(81) 90001-0002,ERB4526,2025-02-12 10:47:00
G00513,(81) 90001-0003,ERB4525,2025-02-12 11:24:00
G00514,(81) 90001-0004,ERB4521,2025-02-12 11:08:00
G00515,(81) 90001-0005,ERB4524,2025-02-12 16:02:00
G00516,(81) 90001-0006,ERB4521,2025-02-12 07:14:00
G00517,(81) 90001-0007,ERB4522,2025-02-12 07:54:00
G00518,(81) 90001-0008,ERB4524,2025-02-12 22:54:00
G00519,(81) 90001-0009,ERB4526,2025-02-12 17:03:00
G00520,(81) 90001-0010,ERB4525,2025-02-12 13:31:00
G00521,(81) 90001-0011,ERB4525,2025-02-12 15:02:00
G00522,(81) 90001-0012,ERB4524,2025-02-12 11:51:00
G00523,(81) 90001-0001,ERB4523,2025-02-13 09:46:00
G00524,(81) 90001-0002,ERB4524,2025-02-13 19:55:00
G00525,(81) 90001-0003,ERB4523,2025-02-13 11:52:00
G00526,(81) 90001-0004,ERB4526,2025-02-13 11:22:00
G00527,(81) 90001-0005,ERB4526,2025-02-13 12:18:00
G00528,(81) 90001-0006,ERB4525,2025-02-13 20:35:00
G00529,(81) 90001-0007,ERB4524,2025-02-13 21:21:00
G00530,(81) 90001-0008,ERB4521,2025-02-13 10:09:00
G00531,(81) 90001-0009,ERB4526,2025-02-13 11:41:00
G00532,(81) 90001-0010,ERB4522,2025-02-13 12:34:00
G00533,(81) 90001-0011,ERB4521,2025-02-13 20:33:00
G00534,(81) 90001-0012,ERB4522,2025-02-13 22:35:00
G00535,(81) 90001-0001,ERB4523,2025-02-14 09:48:00
G00536,(81) 90001-0002,ERB4525,2025-02-14 13:56:00
G00537,(81) 90001-0003,ERB4523,2025-02-14 20:11:00
G00538,(81) 90001-0004,ERB4523,2025-02-14 11:20:00
G00539,(81) 90001-0005,ERB4523,2025-02-14 15:58:00
G00540,(81) 90001-0006,ERB4524,2025-02-14 12:11:00
G00541,(81) 90001-0007,ERB4523,2025-02-14 07:43:00
G00542,(81) 90001-0008,ERB4525,2025-02-14 17:14:00
G00543,(81) 90001-0009,ERB4523,2025-02-14 10:24:00
G00544,(81) 90001-0010,ERB4522,2025-02-14 17:11:00
G00545,(81) 90001-0011,ERB4524,2025-02-14 16:43:00
G00546,(81) 90001-0012,ERB4525,2025-02-14 14:00:00
G00547,(81) 90001-0001,ERB4525,2025-02-15 15:17:00
G00548,(81) 90001-0002,ERB4521,2025-02-15 20:26:00
G00549,(81) 90001-0003,ERB4521,2025-02-15 21:51:00
G00550,(81) 90001-0004,ERB4526,2025-02-15 17:48:00
G00551,(81) 90001-0005,ERB4521,2025-02-15 18:43:00
G00552,(81) 90001-0006,ERB4523,2025-02-15 18:31:00
G00553,(81) 90001-0007,ERB4524,2025-02-15 21:08:00
G00554,(81) 90001-0008,ERB4522,2025-02-15 21:56:00
G00555,(81) 90001-0009,ERB4522,2025-02-15 19:49:00
G00556,(81) 90001-0010,ERB4525,2025-02-15 18:56:00
G00557,(81) 90001-0011,ERB4524,2025-02-15 08:54:00
G00558,(81) 90001-0012,ERB4521,2025-02-15 10:32:00
G00559,(81) 90001-0001,ERB4526,2025-02-16 13:29:00
G00560,(81) 90001-0002,ERB4524,2025-02-16 10:46:00
G00561,(81) 90001-0003,ERB4524,2025-02-16 08:41:00
G00562,(81) 90001-0004,ERB4525,2025-02-16 07:23:00
G00563,(81) 90001-0005,ERB4521,2025-02-16 16:58:00
G00564,(81) 90001-0006,ERB4525,2025-02-16 12:22:00
G00565,(81) 90001-0007,ERB4524,2025-02-16 08:23:00
G00566,(81) 90001-0008,ERB4523,2025-02-16 12:13:00
G00567,(81) 90001-0009,ERB4525,2025-02-16 16:14:00
G00568,(81) 90001-0010,ERB4521,2025-02-16 08:14:00
G00569,(81) 90001-0011,ERB4526,2025-02-16 21:04:00
G00570,(81) 90001-0012,ERB4524,2025-02-16 15:36:00
G00571,(81) 90001-0001,ERB4524,2025-02-17 10:13:00
G00572,(81) 90001-0002,ERB4521,2025-02-17 20:32:00
G00573,(81) 90001-0003,ERB4523,2025-02-17 21:05:00
G00574,(81) 90001-0004,ERB4525,2025-02-17 08:13:00
G00575,(81) 90001-0005,ERB4526,2025-02-17 20:44:00
G00576,(81) 90001-0006,ERB4524,2025-02-17 14:06:00
G00577,(81) 90001-0007,ERB4521,2025-02-17 16:24:00
G00578,(81) 90001-0008,ERB4522,2025-02-17 15:08:00
G00579,(81) 90001-0009,ERB4526,2025-02-17 10:03:00
G00580,(81) 90001-0010,ERB4523,2025-02-17 18:52:00
G00581,(81) 90001-0011,ERB4525,2025-02-17 08:16:00
G00582,(81) 90001-0012,ERB4524,2025-02-17 19:58:00
G00583,(81) 90001-0001,ERB4522,2025-02-18 18:30:00
G00584,(81) 90001-0002,ERB4525,2025-02-18 11:07:00
G00585,(81) 90001-0003,ERB4522,2025-02-18 13:42:00
G00586,(81) 90001-0004,ERB4524,2025-02-18 18:18:00
G00587,(81) 90001-0005,ERB4523,2025-02-18 11:07:00
G00588,(81) 90001-0006,ERB4525,2025-02-18 20:06:00
G00589,(81) 90001-0007,ERB4526,2025-02-18 22:59:00
G00590,(81) 90001-0008,ERB4526,2025-02-18 16:50:00
G00591,(81) 90001-0009,ERB4522,2025-02-18 20:57:00
G00592,(81) 90001-0010,ERB4522,2025-02-18 17:49:00
G00593,(81) 90001-0011,ERB4523,2025-02-18 12:10:00
G00594,(81) 90001-0012,ERB4524,2025-02-18 09:43:00
G00595,(81) 90001-0001,ERB4526,2025-02-19 07:21:00
G00596,(81) 90001-0002,ERB4526,2025-02-19 21:00:00
G00597,(81) 90001-0003,ERB4523,2025-02-19 19:13:00
G00598,(81) 90001-0004,ERB4524,2025-02-19 18:55:00
G00599,(81) 90001-0005,ERB4525,2025-02-19 16:43:00
G00600,(81) 90001-0006,ERB4523,2025-02-19 15:09:00
G00601,(81) 90001-0007,ERB4522,2025-02-19 10:39:00
G00602,(81) 90001-0008,ERB4525,2025-02-19 19:48:00
G00603,(81) 90001-0009,ERB4521,2025-02-19 14:37:00
G00604,(81) 90001-0010,ERB4522,2025-02-19 21:34:00
G00605,(81) 90001-0011,ERB4522,2025-02-19 08:37:00
G00606,(81) 90001-0012,ERB4522,2025-02-19 10:04:00
G00607,(81) 90001-0001,ERB4521,2025-02-19 20:15:00
G00608,(81) 90001-0004,ERB4521,2025-02-19 20:21:00
G00609,(81) 90001-0001,ERB4525,2025-02-20 11:50:00
G00610,(81) 90001-0002,ERB4526,2025-02-20 22:39:00
G00611,(81) 90001-0003,ERB4526,2025-02-20 12:54:00
G00612,(81) 90001-0004,ERB4521,2025-02-20 22:57:00
G00613,(81) 90001-0005,ERB4522,2025-02-20 22:54:00
G00614,(81) 90001-0006,ERB4521,2025-02-20 19:20:00
G00615,(81) 90001-0007,ERB4521,2025-02-20 11:36:00
G00616,(81) 90001-0008,ERB4521,2025-02-20 07:23:00
G00617,(81) 90001-0009,ERB4526,2025-02-20 18:56:00
G00618,(81) 90001-0010,ERB4521,2025-02-20 15:47:00
G00619,(81) 90001-0011,ERB4522,2025-02-20 07:23:00
G00620,(81) 90001-0012,ERB4521,2025-02-20 12:19:00
G00621,(81) 90001-0001,ERB4525,2025-02-21 07:11:00
G00622,(81) 90001-0002,ERB4525,2025-02-21 11:01:00
G00623,(81) 90001-0003,ERB4523,2025-02-21 19:35:00
G00624,(81) 90001-0004,ERB4526,2025-02-21 15:37:00
G00625,(81) 90001-0005,ERB4522,2025-02-21 09:01:00
G00626,(81) 90001-0006,ERB4525,2025-02-21 07:41:00
G00627,(81) 90001-0007,ERB4521,2025-02-21 13:52:00
G00628,(81) 90001-0008,ERB4525,2025-02-21 18:18:00
G00629,(81) 90001-0009,ERB4524,2025-02-21 11:02:00
G00630,(81) 90001-0010,ERB4524,2025-02-21 20:56:00
G00631,(81) 90001-0011,ERB4523,2025-02-21 10:58:00
G00632,(81) 90001-0012,ERB4521,2025-02-21 09:10:00
G00633,(81) 90001-0001,ERB4521,2025-02-22 21:28:00
G00634,(81) 90001-0002,ERB4524,2025-02-22 09:20:00
G00635,(81) 90001-0003,ERB4526,2025-02-22 12:01:00
G00636,(81) 90001-0004,ERB4522,2025-02-22 20:31:00
G00637,(81) 90001-0005,ERB4521,2025-02-22 13:30:00
G00638,(81) 90001-0006,ERB4524,2025-02-22 08:18:00
G00639,(81) 90001-0007,ERB4522,2025-02-22 12:03:00
G00640,(81) 90001-0008,ERB4521,2025-02-22 16:10:00
G00641,(81) 90001-0009,ERB4524,2025-02-22 12:22:00
G00642,(81) 90001-0010,ERB4525,2025-02-22 20:36:00
G00643,(81) 90001-0011,ERB4522,2025-02-22 20:13:00
G00644,(81) 90001-0012,ERB4521,2025-02-22 12:03:00
G00645,(81) 90001-0001,ERB4526,2025-02-23 22:59:00
G00646,(81) 90001-0002,ERB4522,2025-02-23 20:29:00
G00647,(81) 90001-0003,ERB4525,2025-02-23 17:37:00
G00648,(81) 90001-0004,ERB4522,2025-02-23 17:27:00
G00649,(81) 90001-0005,ERB4523,2025-02-23 10:30:00
G00650,(81) 90001-0006,ERB4521,2025-02-23 14:04:00
G00651,(81) 90001-0007,ERB4521,2025-02-23 16:04:00
G00652,(81) 90001-0008,ERB4524,2025-02-23 20:43:00
G00653,(81) 90001-0009,ERB4525,2025-02-23 19:06:00
G00654,(81) 90001-0010,ERB4523,2025-02-23 16:00:00
G00655,(81) 90001-0011,ERB4521,2025-02-23 19:22:00
G00656,(81) 90001-0012,ERB4524,2025-02-23 16:29:00
G00657,(81) 90001-0001,ERB4525,2025-02-24 14:56:00
G00658,(81) 90001-0002,ERB4526,2025-02-24 11:49:00
G00659,(81) 90001-0003,ERB4521,2025-02-24 16:40:00
G00660,(81) 90001-0004,ERB4526,2025-02-24 12:26:00
G00661,(81) 90001-0005,ERB4525,2025-02-24 21:55:00
G00662,(81) 90001-0006,ERB4522,2025-02-24 16:54:00
G00663,(81) 90001-0007,ERB4526,2025-02-24 14:13:00
G00664,(81) 90001-0008,ERB4522,2025-02-24 07:56:00
G00665,(81) 90001-0009,ERB4524,2025-02-24 20:01:00
G00666,(81) 90001-0010,ERB4524,2025-02-24 17:27:00
G00667,(81) 90001-0011,ERB4525,2025-02-24 20:29:00
G00668,(81) 90001-0012,ERB4521,2025-02-24 10:54:00
G00669,(81) 90001-0001,ERB4521,2025-02-25 15:26:00
G00670,(81) 90001-0002,ERB4524,2025-02-25 12:42:00
G00671,(81) 90001-0003,ERB4525,2025-02-25 09:13:00
G00672,(81) 90001-0004,ERB4523,2025-02-25 11:44:00
G00673,(81) 90001-0005,ERB4523,2025-02-25 13:09:00
G00674,(81) 90001-0006,ERB4524,2025-02-25 16:42:00
G00675,(81) 90001-0007,ERB4523,2025-02-25 17:32:00
G00676,(81) 90001-0008,ERB4524,2025-02-25 16:39:00
G00677,(81) 90001-0009,ERB4525,2025-02-25 13:58:00
G00678,(81) 90001-0010,ERB4523,2025-02-25 07:14:00
G00679,(81) 90001-0011,ERB4521,2025-02-25 22:34:00
G00680,(81) 90001-0012,ERB4523,2025-02-25 17:24:00
G00681,(81) 90001-0001,ERB4524,2025-02-26 19:42:00
G00682,(81) 90001-0002,ERB4523,2025-02-26 16:26:00
G00683,(81) 90001-0003,ERB4523,2025-02-26 17:49:00
G00684,(81) 90001-0004,ERB4524,2025-02-26 19:48:00
G00685,(81) 90001-0005,ERB4526,2025-02-26 22:24:00
G00686,(81) 90001-0006,ERB4522,2025-02-26 20:19:00
G00687,(81) 90001-0007,ERB4523,2025-02-26 22:48:00
G00688,(81) 90001-0008,ERB4523,2025-02-26 13:50:00
G00689,(81) 90001-0009,ERB4524,2025-02-26 14:03:00
G00690,(81) 90001-0010,ERB4523,2025-02-26 18:57:00
G00691,(81) 90001-0011,ERB4526,2025-02-26 07:06:00
G00692,(81) 90001-0012,ERB4524,2025-02-26 17:54:00
G00693,(81) 90001-0001,ERB4521,2025-02-27 16:29:00
G00694,(81) 90001-0002,ERB4522,2025-02-27 08:21:00
G00695,(81) 90001-0003,ERB4525,2025-02-27 14:11:00
G00696,(81) 90001-0004,ERB4522,2025-02-27 17:54:00
G00697,(81) 90001-0005,ERB4524,2025-02-27 18:12:00
G00698,(81) 90001-0006,ERB4522,2025-02-27 17:41:00
G00699,(81) 90001-0007,ERB4522,2025-02-27 16:18:00
G00700,(81) 90001-0008,ERB4525,2025-02-27 12:04:00
G00701,(81) 90001-0009,ERB4525,2025-02-27 18:52:00
G00702,(81) 90001-0010,ERB4523,2025-02-27 10:09:00
G00703,(81) 90001-0011,ERB4523,2025-02-27 22:14:00
G00704,(81) 90001-0012,ERB4522,2025-02-27 15:27:00
G00705,(81) 90001-0001,ERB4521,2025-02-28 14:52:00
G00706,(81) 90001-0002,ERB4523,2025-02-28 17:45:00
G00707,(81) 90001-0003,ERB4525,2025-02-28 22:47:00
G00708,(81) 90001-0004,ERB4523,2025-02-28 15:40:00
G00709,(81) 90001-0005,ERB4525,2025-02-28 11:48:00
G00710,(81) 90001-0006,ERB4521,2025-02-28 11:40:00
G00711,(81) 90001-0007,ERB4524,2025-02-28 12:46:00
G00712,(81) 90001-0008,ERB4523,2025-02-28 21:34:00
G00713,(81) 90001-0009,ERB4523,2025-02-28 21:23:00
G00714,(81) 90001-0010,ERB4523,2025-02-28 17:26:00
G00715,(81) 90001-0011,ERB4522,2025-02-28 08:31:00
G00716,(81) 90001-0012,ERB4522,2025-02-28 20:12:00
G00717,(81) 90001-0001,ERB4525,2025-03-01 18:32:00
G00718,(81) 90001-0002,ERB4525,2025-03-01 17:11:00
G00719,(81) 90001-0003,ERB4521,2025-03-01 17:29:00
G00720,(81) 90001-0004,ERB4526,2025-03-01 13:54:00
G00721,(81) 90001-0005,ERB4523,2025-03-01 09:04:00
G00722,(81) 90001-0006,ERB4526,2025-03-01 13:57:00
G00723,(81) 90001-0007,ERB4524,2025-03-01 20:53:00
G00724,(81) 90001-0008,ERB4525,2025-03-01 08:25:00
G00725,(81) 90001-0009,ERB4525,2025-03-01 12:15:00
G00726,(81) 90001-0010,ERB4521,2025-03-01 14:18:00
G00727,(81) 90001-0011,ERB4523,2025-03-01 14:04:00
G00728,(81) 90001-0012,ERB4523,2025-03-01 15:11:00
