ligacao_id,origem,destino,data_hora,duracao_segundos
L00001,(81) 90001-0003,(81) 90001-0006,2025-01-01 12:04:00,118
L00002,(81) 90001-0008,(81) 90001-0009,2025-01-01 21:20:00,205
L00003,(81) 90001-0004,(81) 90001-0009,2025-01-01 17:02:00,114
L00004,(81) 90001-0003,(81) 90001-0006,2025-01-01 09:45:00,547
L00005,(81) 90001-0002,(81) 90001-0004,2025-01-02 15:21:00,171
L00006,(81) 90001-0004,(81) 90001-0008,2025-01-02 22:36:00,720
L00007,(81) 90001-0002,(81) 90001-0006,2025-01-02 07:21:00,194
L00008,(81) 90001-0001,(81) 90001-0003,2025-01-02 10:48:00,375
L00009,(81) 90001-0009,(81) 90001-0010,2025-01-02 15:42:00,315
L00010,(81) 90001-0008,(81) 90001-0009,2025-01-02 08:40:00,865
L00011,(81) 90001-0003,(81) 90001-0012,2025-01-02 11:55:00,327
L00012,(81) 90001-0001,(81) 90001-0002,2025-01-02 18:22:00,693
L00013,(81) 90001-0004,(81) 90001-0008,2025-01-02 22:15:00,700
L00014,(81) 90001-0001,(81) 90001-0002,2025-01-02 16:20:00,576
L00015,(81) 90001-0008,(81) 90001-0009,2025-01-03 14:08:00,17
L00016,(81) 90001-0003,(81) 90001-0006,2025-01-03 15:35:00,189
L00017,(81) 90001-0009,(81) 90001-0010,2025-01-03 22:44:00,640
L00018,(81) 90001-0002,(81) 90001-0006,2025-01-03 12:21:00,88
L00019,(81) 90001-0001,(81) 90001-0004,2025-01-03 20:20:00,604
L00020,(81) 90001-0008,(81) 90001-0009,2025-01-03 13:46:00,713
L00021,(81) 90001-0001,(81) 90001-0008,2025-01-03 22:09:00,146
L00022,(81) 90001-0008,(81) 90001-0009,2025-01-03 10:10:00,856
L00023,(81) 90001-0002,(81) 90001-0004,2025-01-03 20:40:00,716
L00024,(81) 90001-0009,(81) 90001-0010,2025-01-03 16:45:00,790
L00025,(81) 90001-0001,(81) 90001-0004,2025-01-03 18:17:00,815
L00026,(81) 90001-0003,(81) 90001-0012,2025-01-03 21:18:00,50
L00027,(81) 90001-0002,(81) 90001-0004,2025-01-04 13:46:00,532
L00028,(81) 90001-0002,(81) 90001-0006,2025-01-04 18:09:00,18
L00029,(81) 90001-0002,(81) 90001-0006,2025-01-04 23:48:00,848
L00030,(81) 90001-0003,(81) 90001-0006,2025-01-04 17:36:00,480
L00031,(81) 90001-0002,(81) 90001-0004,2025-01-04 17:07:00,231
L00032,(81) 90001-0003,(81) 90001-0012,2025-01-05 11:46:00,28
L00033,(81) 90001-0003,(81) 90001-0012,2025-01-05 23:18:00,756
L00034,(81) 90001-0001,(81) 90001-0008,2025-01-05 14:47:00,110
L00035,(81) 90001-0011,(81) 90001-0012,2025-01-05 12:43:00,289
L00036,(81) 90001-0008,(81) 90001-0009,2025-01-05 10:36:00,559
L00037,(81) 90001-0001,(81) 90001-0004,2025-01-05 22:22:00,705
L00038,(81) 90001-0006,(81) 90001-0011,2025-01-05 12:23:00,166
L00039,(81) 90001-0003,(81) 90001-0012,2025-01-05 19:28:00,504
L00040,(81) 90001-0004,(81) 90001-0009,2025-01-05 19:32:00,251
L00041,(81) 90001-0003,(81) 90001-0012,2025-01-06 22:10:00,177
L00042,(81) 90001-0004,(81) 90001-0009,2025-01-06 13:30:00,854
L00043,(81) 90001-0001,(81) 90001-0003,2025-01-06 21:09:00,39
L00044,(81) 90001-0001,(81) 90001-0004,2025-01-06 14:54:00,289
L00045,(81) 90001-0003,(81) 90001-0006,2025-01-06 14:48:00,524
L00046,(81) 90001-0009,(81) 90001-0010,2025-01-07 15:05:00,659
L00047,(81) 90001-0004,(81) 90001-0008,2025-01-07 22:57:00,292
L00048,(81) 90001-0009,(81) 90001-0010,2025-01-07 19:18:00,204
L00049,(81) 90001-0004,(81) 90001-0009,2025-01-07 09:18:00,463
L00050,(81) 90001-0001,(81) 90001-0004,2025-01-07 17:50:00,870
L00051,(81) 90001-0001,(81) 90001-0003,2025-01-08 18:13:00,560
L00052,(81) 90001-0002,(81) 90001-0004,2025-01-08 19:01:00,371
L00053,(81) 90001-0001,(81) 90001-0004,2025-01-08 12:15:00,405
L00054,(81) 90001-0001,(81) 90001-0003,2025-01-08 19:53:00,79
L00055,(81) 90001-0011,(81) 90001-0012,2025-01-08 18:33:00,742
L00056,(81) 90001-0004,(81) 90001-0008,2025-01-08 17:30:00,722
L00057,(81) 90001-0002,(81) 90001-0006,2025-01-08 20:26:00,501
L00058,(81) 90001-0004,(81) 90001-0008,2025-01-08 17:55:00,125
L00059,(81) 90001-0002,(81) 90001-0004,2025-01-09 13:21:00,168
L00060,(81) 90001-0002,(81) 90001-0004,2025-01-09 07:08:00,456
L00061,(81) 90001-0008,(81) 90001-0009,2025-01-09 14:32:00,421
L00062,(81) 90001-0001,(81) 90001-0003,2025-01-09 06:08:00,867
L00063,(81) 90001-0001,(81) 90001-0002,2025-01-09 13:42:00,377
L00064,(81) 90001-0009,(81) 90001-0010,2025-01-09 07:47:00,627
L00065,(81) 90001-0008,(81) 90001-0009,2025-01-09 21:07:00,102
L00066,(81) 90001-0002,(81) 90001-0004,2025-01-09 11:45:00,716
L00067,(81) 90001-0002,(81) 90001-0004,2025-01-09 07:37:00,210
L00068,(81) 90001-0006,(81) 90001-0011,2025-01-09 21:33:00,406
L00069,(81) 90001-0001,(81) 90001-0003,2025-01-10 15:00:00,739
L00070,(81) 90001-0003,(81) 90001-0012,2025-01-10 13:45:00,387
L00071,(81) 90001-0009,(81) 90001-0010,2025-01-10 07:21:00,438
L00072,(81) 90001-0002,(81) 90001-0006,2025-01-10 12:25:00,680
L00073,(81) 90001-0001,(81) 90001-0003,2025-01-10 08:14:00,503
L00074,(81) 90001-0009,(81) 90001-0010,2025-01-10 07:54:00,845
L00075,(81) 90001-0004,(81) 90001-0009,2025-01-10 09:31:00,42
L00076,(81) 90001-0002,(81) 90001-0006,2025-01-10 10:13:00,310
L00077,(81) 90001-0008,(81) 90001-0009,2025-01-10 10:50:00,560
L00078,(81) 90001-0001,(81) 90001-0004,2025-01-10 17:00:00,793
L00079,(81) 90001-0006,(81) 90001-0011,2025-01-10 06:53:00,857
L00080,(81) 90001-0002,(81) 90001-0006,2025-01-11 08:17:00,234
L00081,(81) 90001-0002,(81) 90001-0004,2025-01-11 21:52:00,683
L00082,(81) 90001-0002,(81) 90001-0004,2025-01-11 23:14:00,885
L00083,(81) 90001-0003,(81) 90001-0006,2025-01-11 09:35:00,429
L00084,(81) 90001-0003,(81) 90001-0006,2025-01-11 10:56:00,748
L00085,(81) 90001-0009,(81) 90001-0010,2025-01-11 13:23:00,858
L00086,(81) 90001-0001,(81) 90001-0002,2025-01-11 18:51:00,139
L00087,(81) 90001-0004,(81) 90001-0008,2025-01-11 17:21:00,586
L00088,(81) 90001-0006,(81) 90001-0011,2025-01-11 19:34:00,374
L00089,(81) 90001-0001,(81) 90001-0002,2025-01-11 18:21:00,618
L00090,(81) 90001-0001,(81) 90001-0003,2025-01-11 23:21:00,597
L00091,(81) 90001-0002,(81) 90001-0006,2025-01-12 17:19:00,696
L00092,(81) 90001-0001,(81) 90001-0004,2025-01-12 07:30:00,504
L00093,(81) 90001-0008,(81) 90001-0009,2025-01-12 09:59:00,184
L00094,(81) 90001-0002,(81) 90001-0004,2025-01-12 12:58:00,185
L00095,(81) 90001-0009,(81) 90001-0010,2025-01-12 08:50:00,549
L00096,(81) 90001-0004,(81) 90001-0008,2025-01-12 06:00:00,872
L00097,(81) 90001-0001,(81) 90001-0002,2025-01-12 18:31:00,516
L00098,(81) 90001-0002,(81) 90001-0004,2025-01-12 20:31:00,44
L00099,(81) 90001-0001,(81) 90001-0003,2025-01-12 11:11:00,807
L00100,(81) 90001-0004,(81) 90001-0009,2025-01-12 09:32:00,556
L00101,(81) 90001-0001,(81) 90001-0003,2025-01-12 23:45:00,770
L00102,(81) 90001-0008,(81) 90001-0009,2025-01-13 19:29:00,692
L00103,(81) 90001-0001,(81) 90001-0003,2025-01-13 11:45:00,660
L00104,(81) 90001-0002,(81) 90001-0006,2025-01-13 17:30:00,468
L00105,(81) 90001-0003,(81) 90001-0012,2025-01-13 13:14:00,615
L00106,(81) 90001-0006,(81) 90001-0011,2025-01-14 19:08:00,776
L00107,(81) 90001-0001,(81) 90001-0004,2025-01-14 12:41:00,799
L00108,(81) 90001-0008,(81) 90001-0009,2025-01-14 18:17:00,430
L00109,(81) 90001-0001,(81) 90001-0002,2025-01-14 15:58:00,330
L00110,(81) 90001-0011,(81) 90001-0012,2025-01-14 21:12:00,237
L00111,(81) 90001-0002,(81) 90001-0004,2025-01-14 20:41:00,441
L00112,(81) 90001-0009,(81) 90001-0010,2025-01-14 21:36:00,899
L00113,(81) 90001-0002,(81) 90001-0006,2025-01-14 19:36:00,597
L00114,(81) 90001-0001,(81) 90001-0003,2025-01-14 07:50:00,79
L00115,(81) 90001-0001,(81) 90001-0002,2025-01-14 13:03:00,294
L00116,(81) 90001-0004,(81) 90001-0009,2025-01-15 09:19:00,887
L00117,(81) 90001-0004,(81) 90001-0008,2025-01-15 07:15:00,216
L00118,(81) 90001-0003,(81) 90001-0006,2025-01-15 07:05:00,817
L00119,(81) 90001-0002,(81) 90001-0004,2025-01-15 13:58:00,351
L00120,(81) 90001-0002,(81) 90001-0006,2025-01-15 15:22:00,123
L00121,(81) 90001-0004,(81) 90001-0009,2025-01-15 07:52:00,439
L00122,(81) 90001-0008,(81) 90001-0009,2025-01-15 22:09:00,360
L00123,(81) 90001-0003,(81) 90001-0012,2025-01-15 07:27:00,723
L00124,(81) 90001-0006,(81) 90001-0011,2025-01-15 21:37:00,139
L00125,(81) 90001-0003,(81) 90001-0012,2025-01-15 13:10:00,732
L00126,(81) 90001-0009,(81) 90001-0010,2025-01-16 06:47:00,635
L00127,(81) 90001-0004,(81) 90001-0009,2025-01-16 16:42:00,342
L00128,(81) 90001-0002,(81) 90001-0004,2025-01-16 22:52:00,427
L00129,(81) 90001-0003,(81) 90001-0012,2025-01-16 06:59:00,315
L00130,(81) 90001-0004,(81) 90001-0008,2025-01-16 10:03:00,749
L00131,(81) 90001-0011,(81) 90001-0012,2025-01-16 21:39:00,582
L00132,(81) 90001-0003,(81) 90001-0006,2025-01-16 10:08:00,538
L00133,(81) 90001-0003,(81) 90001-0012,2025-01-16 22:14:00,632
L00134,(81) 90001-0011,(81) 90001-0012,2025-01-16 11:06:00,321
L00135,(81) 90001-0001,(81) 90001-0003,2025-01-17 17:06:00,116
L00136,(81) 90001-0006,(81) 90001-0011,2025-01-17 11:39:00,401
L00137,(81) 90001-0001,(81) 90001-0002,2025-01-17 12:58:00,152
L00138,(81) 90001-0001,(81) 90001-0003,2025-01-17 08:16:00,837
L00139,(81) 90001-0002,(81) 90001-0006,2025-01-17 13:49:00,443
L00140,(81) 90001-0002,(81) 90001-0006,2025-01-17 06:29:00,624
L00141,(81) 90001-0004,(81) 90001-0008,2025-01-17 17:52:00,230
L00142,(81) 90001-0001,(81) 90001-0004,2025-01-17 11:12:00,823
L00143,(81) 90001-0003,(81) 90001-0012,2025-01-18 21:26:00,437
L00144,(81) 90001-0008,(81) 90001-0009,2025-01-18 16:14:00,407
L00145,(81) 90001-0002,(81) 90001-0004,2025-01-18 10:18:00,627
L00146,(81) 90001-0011,(81) 90001-0012,2025-01-18 11:01:00,295
L00147,(81) 90001-0002,(81) 90001-0004,2025-01-19 15:45:00,677
L00148,(81) 90001-0004,(81) 90001-0008,2025-01-19 15:22:00,894
L00149,(81) 90001-0002,(81) 90001-0006,2025-01-19 22:21:00,226
L00150,(81) 90001-0003,(81) 90001-0012,2025-01-19 06:03:00,57
L00151,(81) 90001-0008,(81) 90001-0009,2025-01-19 16:46:00,715
L00152,(81) 90001-0004,(81) 90001-0009,2025-01-19 16:46:00,724
L00153,(81) 90001-0006,(81) 90001-0011,2025-01-19 12:03:00,169
L00154,(81) 90001-0011,(81) 90001-0012,2025-01-20 21:58:00,350
L00155,(81) 90001-0003,(81) 90001-0006,2025-01-20 10:45:00,410
L00156,(81) 90001-0003,(81) 90001-0012,2025-01-20 14:17:00,231
L00157,(81) 90001-0002,(81) 90001-0006,2025-01-20 14:57:00,597
L00158,(81) 90001-0009,(81) 90001-0010,2025-01-20 18:07:00,832
L00159,(81) 90001-0008,(81) 90001-0009,2025-01-20 16:00:00,637
L00160,(81) 90001-0004,(81) 90001-0009,2025-01-20 23:14:00,519
L00161,(81) 90001-0009,(81) 90001-0010,2025-01-20 13:17:00,131
L00162,(81) 90001-0003,(81) 90001-0006,2025-01-21 20:02:00,525
L00163,(81) 90001-0002,(81) 90001-0006,2025-01-21 10:30:00,115
L00164,(81) 90001-0001,(81) 90001-0003,2025-01-21 09:37:00,422
L00165,(81) 90001-0011,(81) 90001-0012,2025-01-21 07:10:00,216
L00166,(81) 90001-0011,(81) 90001-0012,2025-01-21 19:36:00,605
L00167,(81) 90001-0001,(81) 90001-0008,2025-01-22 18:15:00,109
L00168,(81) 90001-0001,(81) 90001-0003,2025-01-22 12:20:00,351
L00169,(81) 90001-0001,(81) 90001-0002,2025-01-22 12:16:00,778
L00170,(81) 90001-0003,(81) 90001-0012,2025-01-22 21:09:00,20
L00171,(81) 90001-0003,(81) 90001-0012,2025-01-22 11:08:00,812
L00172,(81) 90001-0004,(81) 90001-0008,2025-01-22 07:43:00,627
L00173,(81) 90001-0001,(81) 90001-0004,2025-01-23 18:14:00,593
L00174,(81) 90001-0004,(81) 90001-0009,2025-01-23 14:39:00,461
L00175,(81) 90001-0001,(81) 90001-0002,2025-01-23 06:26:00,265
L00176,(81) 90001-0006,(81) 90001-0011,2025-01-23 21:22:00,590
L00177,(81) 90001-0011,(81) 90001-0012,2025-01-23 08:38:00,807
L00178,(81) 90001-0009,(81) 90001-0010,2025-01-23 11:21:00,109
L00179,(81) 90001-0009,(81) 90001-0010,2025-01-23 17:11:00,49
L00180,(81) 90001-0002,(81) 90001-0004,2025-01-23 13:10:00,855
L00181,(81) 90001-0004,(81) 90001-0009,2025-01-24 12:43:00,460
L00182,(81) 90001-0006,(81) 90001-0011,2025-01-24 14:08:00,175
L00183,(81) 90001-0003,(81) 90001-0006,2025-01-24 16:37:00,824
L00184,(81) 90001-0004,(81) 90001-0009,2025-01-24 22:53:00,16
L00185,(81) 90001-0001,(81) 90001-0002,2025-01-24 08:03:00,813
L00186,(81) 90001-0004,(81) 90001-0008,2025-01-24 19:57:00,248
L00187,(81) 90001-0003,(81) 90001-0012,2025-01-24 15:10:00,231
L00188,(81) 90001-0006,(81) 90001-0011,2025-01-24 15:10:00,297
L00189,(81) 90001-0008,(81) 90001-0009,2025-01-24 23:07:00,395
L00190,(81) 90001-0001,(81) 90001-0003,2025-01-24 21:49:00,327
L00191,(81) 90001-0004,(81) 90001-0009,2025-01-24 18:52:00,33
L00192,(81) 90001-0003,(81) 90001-0006,2025-01-24 11:45:00,146
L00193,(81) 90001-0008,(81) 90001-0009,2025-01-25 20:14:00,695
L00194,(81) 90001-0001,(81) 90001-0008,2025-01-25 12:41:00,893
L00195,(81) 90001-0008,(81) 90001-0009,2025-01-25 11:55:00,48
L00196,(81) 90001-0006,(81) 90001-0011,2025-01-25 17:29:00,483
L00197,(81) 90001-0003,(81) 90001-0006,2025-01-25 23:54:00,757
L00198,(81) 90001-0011,(81) 90001-0012,2025-01-26 22:19:00,609
L00199,(81) 90001-0008,(81) 90001-0009,2025-01-26 15:05:00,121
L00200,(81) 90001-0011,(81) 90001-0012,2025-01-26 13:51:00,78
L00201,(81) 90001-0001,(81) 90001-0003,2025-01-26 12:16:00,651
L00202,(81) 90001-0002,(81) 90001-0004,2025-01-26 19:51:00,48
L00203,(81) 90001-0001,(81) 90001-0003,2025-01-26 17:02:00,729
L00204,(81) 90001-0004,(81) 90001-0009,2025-01-26 06:30:00,798
L00205,(81) 90001-0008,(81) 90001-0009,2025-01-26 10:26:00,601
L00206,(81) 90001-0001,(81) 90001-0003,2025-01-26 12:57:00,338
L00207,(81) 90001-0004,(81) 90001-0008,2025-01-26 21:48:00,438
L00208,(81) 90001-0008,(81) 90001-0009,2025-01-26 20:40:00,784
L00209,(81) 90001-0006,(81) 90001-0011,2025-01-27 20:05:00,556
L00210,(81) 90001-0001,(81) 90001-0002,2025-01-27 16:37:00,485
L00211,(81) 90001-0003,(81) 90001-0012,2025-01-27 12:15:00,769
L00212,(81) 90001-0006,(81) 90001-0011,2025-01-27 06:01:00,703
L00213,(81) 90001-0002,(81) 90001-0004,2025-01-27 07:38:00,323
L00214,(81) 90001-0008,(81) 90001-0009,2025-01-27 07:02:00,617
L00215,(81) 90001-0004,(81) 90001-0008,2025-01-27 17:56:00,885
L00216,(81) 90001-0003,(81) 90001-0012,2025-01-27 19:34:00,43
L00217,(81) 90001-0002,(81) 90001-0006,2025-01-28 18:06:00,612
L00218,(81) 90001-0011,(81) 90001-0012,2025-01-28 08:36:00,298
L00219,(81) 90001-0009,(81) 90001-0010,2025-01-28 21:43:00,373
L00220,(81) 90001-0002,(81) 90001-0004,2025-01-28 15:53:00,849
L00221,(81) 90001-0001,(81) 90001-0002,2025-01-28 06:57:00,156
L00222,(81) 90001-0002,(81) 90001-0004,2025-01-28 19:51:00,311
L00223,(81) 90001-0003,(81) 90001-0012,2025-01-29 12:16:00,751
L00224,(81) 90001-0008,(81) 90001-0009,2025-01-29 10:00:00,274
L00225,(81) 90001-0009,(81) 90001-0010,2025-01-29 12:05:00,84
L00226,(81) 90001-0004,(81) 90001-0008,2025-01-29 19:24:00,471
L00227,(81) 90001-0004,(81) 90001-0009,2025-01-29 08:54:00,142
L00228,(81) 90001-0011,(81) 90001-0012,2025-01-29 09:47:00,220
L00229,(81) 90001-0001,(81) 90001-0003,2025-01-30 18:41:00,377
L00230,(81) 90001-0001,(81) 90001-0003,2025-01-30 23:53:00,18
L00231,(81) 90001-0003,(81) 90001-0012,2025-01-30 06:58:00,479
L00232,(81) 90001-0004,(81) 90001-0008,2025-01-30 10:04:00,585
L00233,(81) 90001-0001,(81) 90001-0002,2025-01-30 15:39:00,253
L00234,(81) 90001-0004,(81) 90001-0009,2025-01-30 15:24:00,619
L00235,(81) 90001-0001,(81) 90001-0003,2025-01-30 11:54:00,623
L00236,(81) 90001-0002,(81) 90001-0006,2025-01-30 16:03:00,336
L00237,(81) 90001-0002,(81) 90001-0004,2025-01-31 11:21:00,851
L00238,(81) 90001-0002,(81) 90001-0006,2025-01-31 07:13:00,615
L00239,(81) 90001-0003,(81) 90001-0012,2025-01-31 17:04:00,564
L00240,(81) 90001-0006,(81) 90001-0011,2025-01-31 20:34:00,579
L00241,(81) 90001-0006,(81) 90001-0011,2025-01-31 21:56:00,785
L00242,(81) 90001-0004,(81) 90001-0008,2025-01-31 09:35:00,702
L00243,(81) 90001-0001,(81) 90001-0003,2025-01-31 23:12:00,260
L00244,(81) 90001-0003,(81) 90001-0006,2025-01-31 12:33:00,858
L00245,(81) 90001-0001,(81) 90001-0008,2025-02-01 20:28:00,35
L00246,(81) 90001-0003,(81) 90001-0012,2025-02-01 13:51:00,243
L00247,(81) 90001-0004,(81) 90001-0009,2025-02-01 18:27:00,552
L00248,(81) 90001-0009,(81) 90001-0010,2025-02-01 07:12:00,693
L00249,(81) 90001-0003,(81) 90001-0006,2025-02-02 18:16:00,718
L00250,(81) 90001-0003,(81) 90001-0006,2025-02-02 07:18:00,149
L00251,(81) 90001-0001,(81) 90001-0008,2025-02-02 16:37:00,868
L00252,(81) 90001-0008,(81) 90001-0009,2025-02-02 21:37:00,615
L00253,(81) 90001-0002,(81) 90001-0006,2025-02-02 21:07:00,614
L00254,(81) 90001-0006,(81) 90001-0011,2025-02-02 10:16:00,838
L00255,(81) 90001-0001,(81) 90001-0004,2025-02-02 13:54:00,74
L00256,(81) 90001-0003,(81) 90001-0006,2025-02-02 17:40:00,833
L00257,(81) 90001-0002,(81) 90001-0006,2025-02-02 23:43:00,312
L00258,(81) 90001-0003,(81) 90001-0006,2025-02-02 06:36:00,66
L00259,(81) 90001-0009,(81) 90001-0010,2025-02-02 13:42:00,352
L00260,(81) 90001-0003,(81) 90001-0012,2025-02-03 08:25:00,790
L00261,(81) 90001-0004,(81) 90001-0009,2025-02-03 17:31:00,699
L00262,(81) 90001-0009,(81) 90001-0010,2025-02-03 23:08:00,213
L00263,(81) 90001-0011,(81) 90001-0012,2025-02-03 11:26:00,692
L00264,(81) 90001-0009,(81) 90001-0010,2025-02-03 17:39:00,41
L00265,(81) 90001-0002,(81) 90001-0006,2025-02-03 13:09:00,656
L00266,(81) 90001-0002,(81) 90001-0006,2025-02-04 10:39:00,697
L00267,(81) 90001-0004,(81) 90001-0008,2025-02-04 16:55:00,860
L00268,(81) 90001-0003,(81) 90001-0012,2025-02-04 19:51:00,90
L00269,(81) 90001-0004,(81) 90001-0008,2025-02-04 14:33:00,252
L00270,(81) 90001-0001,(81) 90001-0003,2025-02-04 17:18:00,330
L00271,(81) 90001-0001,(81) 90001-0008,2025-02-04 20:56:00,333
L00272,(81) 90001-0001,(81) 90001-0002,2025-02-04 21:15:00,95
L00273,(81) 90001-0002,(81) 90001-0006,2025-02-04 16:07:00,548
L00274,(81) 90001-0001,(81) 90001-0002,2025-02-04 16:14:00,169
L00275,(81) 90001-0001,(81) 90001-0002,2025-02-04 14:26:00,647
L00276,(81) 90001-0001,(81) 90001-0008,2025-02-04 06:03:00,144
L00277,(81) 90001-0001,(81) 90001-0008,2025-02-05 18:49:00,29
L00278,(81) 90001-0002,(81) 90001-0006,2025-02-05 11:20:00,176
L00279,(81) 90001-0008,(81) 90001-0009,2025-02-05 11:50:00,318
L00280,(81) 90001-0002,(81) 90001-0004,2025-02-05 06:44:00,117
L00281,(81) 90001-0006,(81) 90001-0011,2025-02-06 15:54:00,900
L00282,(81) 90001-0009,(81) 90001-0010,2025-02-06 15:00:00,423
L00283,(81) 90001-0003,(81) 90001-0006,2025-02-06 09:08:00,547
L00284,(81) 90001-0001,(81) 90001-0004,2025-02-06 23:59:00,158
L00285,(81) 90001-0002,(81) 90001-0006,2025-02-07 23:16:00,362
L00286,(81) 90001-0003,(81) 90001-0006,2025-02-07 18:50:00,638
L00287,(81) 90001-0003,(81) 90001-0012,2025-02-07 09:28:00,22
L00288,(81) 90001-0002,(81) 90001-0004,2025-02-07 06:52:00,424
L00289,(81) 90001-0006,(81) 90001-0011,2025-02-07 20:09:00,394
L00290,(81) 90001-0001,(81) 90001-0004,2025-02-07 19:55:00,318
L00291,(81) 90001-0002,(81) 90001-0006,2025-02-07 19:50:00,394
L00292,(81) 90001-0001,(81) 90001-0004,2025-02-07 14:46:00,495
L00293,(81) 90001-0008,(81) 90001-0009,2025-02-07 18:55:00,193
L00294,(81) 90001-0001,(81) 90001-0008,2025-02-07 09:26:00,565
L00295,(81) 90001-0011,(81) 90001-0012,2025-02-08 11:45:00,573
L00296,(81) 90001-0011,(81) 90001-0012,2025-02-08 13:03:00,229
L00297,(81) 90001-0001,(81) 90001-0003,2025-02-08 10:55:00,72
L00298,(81) 90001-0011,(81) 90001-0012,2025-02-08 16:37:00,150
L00299,(81) 90001-0004,(81) 90001-0008,2025-02-08 11:53:00,478
L00300,(81) 90001-0001,(81) 90001-0003,2025-02-09 10:36:00,499
L00301,(81) 90001-0002,(81) 90001-0006,2025-02-09 21:45:00,654
L00302,(81) 90001-0006,(81) 90001-0011,2025-02-09 08:11:00,198
L00303,(81) 90001-0009,(81) 90001-0010,2025-02-09 19:10:00,752
L00304,(81) 90001-0004,(81) 90001-0009,2025-02-09 16:51:00,837
L00305,(81) 90001-0001,(81) 90001-0002,2025-02-09 22:22:00,461
L00306,(81) 90001-0006,(81) 90001-0011,2025-02-09 16:31:00,683
L00307,(81) 90001-0003,(81) 90001-0012,2025-02-09 18:16:00,453
L00308,(81) 90001-0004,(81) 90001-0008,2025-02-09 12:37:00,423
L00309,(81) 90001-0004,(81) 90001-0009,2025-02-10 22:18:00,488
L00310,(81) 90001-0001,(81) 90001-0004,2025-02-10 13:39:00,593
L00311,(81) 90001-0003,(81) 90001-0012,2025-02-10 20:56:00,336
L00312,(81) 90001-0002,(81) 90001-0006,2025-02-10 11:30:00,739
L00313,(81) 90001-0001,(81) 90001-0004,2025-02-10 11:54:00,128
L00314,(81) 90001-0003,(81) 90001-0006,2025-02-10 06:53:00,670
L00315,(81) 90001-0004,(81) 90001-0009,2025-02-10 10:59:00,63
L00316,(81) 90001-0004,(81) 90001-0008,2025-02-11 06:09:00,851
L00317,(81) 90001-0002,(81) 90001-0006,2025-02-11 20:53:00,785
L00318,(81) 90001-0008,(81) 90001-0009,2025-02-11 12:49:00,320
L00319,(81) 90001-0006,(81) 90001-0011,2025-02-11 20:47:00,172
L00320,(81) 90001-0002,(81) 90001-0004,2025-02-11 13:53:00,110
L00321,(81) 90001-0004,(81) 90001-0008,2025-02-11 11:40:00,652
L00322,(81) 90001-0003,(81) 90001-0006,2025-02-11 22:02:00,286
L00323,(81) 90001-0001,(81) 90001-0002,2025-02-11 08:17:00,237
L00324,(81) 90001-0002,(81) 90001-0006,2025-02-11 07:17:00,691
L00325,(81) 90001-0002,(81) 90001-0006,2025-02-11 11:18:00,886
L00326,(81) 90001-0001,(81) 90001-0008,2025-02-12 10:16:00,138
L00327,(81) 90001-0008,(81) 90001-0009,2025-02-12 18:20:00,530
L00328,(81) 90001-0001,(81) 90001-0004,2025-02-12 18:23:00,654
L00329,(81) 90001-0001,(81) 90001-0004,2025-02-12 15:54:00,812
L00330,(81) 90001-0003,(81) 90001-0012,2025-02-12 22:53:00,72
L00331,(81) 90001-0006,(81) 90001-0011,2025-02-12 16:35:00,283
L00332,(81) 90001-0001,(81) 90001-0002,2025-02-13 22:09:00,573
L00333,(81) 90001-0004,(81) 90001-0008,2025-02-13 16:56:00,507
L00334,(81) 90001-0001,(81) 90001-0008,2025-02-13 08:49:00,774
L00335,(81) 90001-0009,(81) 90001-0010,2025-02-13 15:12:00,146
L00336,(81) 90001-0009,(81) 90001-0010,2025-02-13 10:44:00,598
L00337,(81) 90001-0001,(81) 90001-0002,2025-02-13 19:15:00,332
L00338,(81) 90001-0003,(81) 90001-0006,2025-02-13 07:52:00,875
L00339,(81) 90001-0001,(81) 90001-0003,2025-02-13 08:45:00,724
L00340,(81) 90001-0001,(81) 90001-0002,2025-02-13 21:19:00,795
L00341,(81) 90001-0001,(81) 90001-0002,2025-02-13 07:20:00,896
L00342,(81) 90001-0001,(81) 90001-0008,2025-02-13 11:35:00,599
L00343,(81) 90001-0002,(81) 90001-0006,2025-02-13 22:11:00,750
L00344,(81) 90001-0001,(81) 90001-0002,2025-02-14 08:25:00,353
L00345,(81) 90001-0011,(81) 90001-0012,2025-02-14 15:14:00,19
L00346,(81) 90001-0002,(81) 90001-0006,2025-02-14 21:26:00,691
L00347,(81) 90001-0001,(81) 90001-0002,2025-02-14 21:48:00,432
L00348,(81) 90001-0001,(81) 90001-0008,2025-02-14 15:15:00,790
L00349,(81) 90001-0001,(81) 90001-0003,2025-02-14 20:09:00,453
L00350,(81) 90001-0001,(81) 90001-0008,2025-02-14 14:00:00,31
L00351,(81) 90001-0002,(81) 90001-0006,2025-02-14 19:05:00,700
L00352,(81) 90001-0003,(81) 90001-0012,2025-02-14 07:04:00,823
L00353,(81) 90001-0008,(81) 90001-0009,2025-02-14 11:41:00,208
L00354,(81) 90001-0009,(81) 90001-0010,2025-02-15 08:12:00,350
L00355,(81) 90001-0009,(81) 90001-0010,2025-02-15 19:24:00,350
L00356,(81) 90001-0008,(81) 90001-0009,2025-02-15 23:59:00,650
L00357,(81) 90001-0001,(81) 90001-0004,2025-02-15 16:07:00,878
L00358,(81) 90001-0003,(81) 90001-0012,2025-02-15 10:30:00,713
L00359,(81) 90001-0009,(81) 90001-0010,2025-02-15 16:38:00,414
L00360,(81) 90001-0008,(81) 90001-0009,2025-02-15 13:34:00,114
L00361,(81) 90001-0003,(81) 90001-0012,2025-02-15 06:18:00,140
L00362,(81) 90001-0001,(81) 90001-0002,2025-02-15 17:10:00,725
L00363,(81) 90001-0001,(81) 90001-0002,2025-02-15 20:21:00,819
L00364,(81) 90001-0006,(81) 90001-0011,2025-02-15 09:14:00,506
L00365,(81) 90001-0002,(81) 90001-0004,2025-02-15 21:17:00,232
L00366,(81) 90001-0003,(81) 90001-0012,2025-02-16 10:01:00,333
L00367,(81) 90001-0008,(81) 90001-0009,2025-02-16 16:38:00,839
L00368,(81) 90001-0002,(81) 90001-0006,2025-02-16 16:20:00,379
L00369,(81) 90001-0002,(81) 90001-0004,2025-02-16 21:27:00,474
L00370,(81) 90001-0003,(81) 90001-0006,2025-02-16 13:24:00,770
L00371,(81) 90001-0001,(81) 90001-0002,2025-02-16 21:59:00,259
L00372,(81) 90001-0001,(81) 90001-0008,2025-02-16 20:32:00,855
L00373,(81) 90001-0001,(81) 90001-0008,2025-02-16 21:10:00,447
L00374,(81) 90001-0011,(81) 90001-0012,2025-02-17 07:07:00,611
L00375,(81) 90001-0003,(81) 90001-0006,2025-02-17 12:23:00,348
L00376,(81) 90001-0011,(81) 90001-0012,2025-02-17 18:45:00,807
L00377,(81) 90001-0004,(81) 90001-0008,2025-02-17 23:28:00,400
L00378,(81) 90001-0008,(81) 90001-0009,2025-02-17 10:54:00,339
L00379,(81) 90001-0001,(81) 90001-0003,2025-02-17 12:59:00,717
L00380,(81) 90001-0001,(81) 90001-0008,2025-02-17 09:59:00,80
L00381,(81) 90001-0003,(81) 90001-0012,2025-02-17 18:40:00,99
L00382,(81) 90001-0001,(81) 90001-0003,2025-02-17 07:19:00,497
L00383,(81) 90001-0004,(81) 90001-0009,2025-02-18 23:19:00,256
L00384,(81) 90001-0011,(81) 90001-0012,2025-02-18 15:35:00,378
L00385,(81) 90001-0004,(81) 90001-0008,2025-02-18 16:54:00,692
L00386,(81) 90001-0004,(81) 90001-0008,2025-02-18 15:40:00,35
L00387,(81) 90001-0009,(81) 90001-0010,2025-02-18 08:53:00,716
L00388,(81) 90001-0009,(81) 90001-0010,2025-02-19 06:06:00,568
L00389,(81) 90001-0003,(81) 90001-0006,2025-02-19 22:20:00,727
L00390,(81) 90001-0001,(81) 90001-0008,2025-02-19 10:43:00,637
L00391,(81) 90001-0001,(81) 90001-0002,2025-02-19 17:51:00,879
L00392,(81) 90001-0004,(81) 90001-0008,2025-02-19 17:09:00,836
L00393,(81) 90001-0001,(81) 90001-0008,2025-02-19 21:01:00,270
L00394,(81) 90001-0002,(81) 90001-0006,2025-02-19 15:36:00,642
L00395,(81) 90001-0003,(81) 90001-0012,2025-02-20 06:39:00,197
L00396,(81) 90001-0001,(81) 90001-0002,2025-02-20 21:08:00,623
L00397,(81) 90001-0001,(81) 90001-0002,2025-02-20 17:46:00,347
L00398,(81) 90001-0001,(81) 90001-0004,2025-02-20 12:30:00,229
L00399,(81) 90001-0008,(81) 90001-0009,2025-02-20 11:47:00,213
L00400,(81) 90001-0006,(81) 90001-0011,2025-02-20 18:21:00,775
L00401,(81) 90001-0008,(81) 90001-0009,2025-02-20 19:10:00,462
L00402,(81) 90001-0001,(81) 90001-0008,2025-02-20 21:44:00,408
L00403,(81) 90001-0003,(81) 90001-0006,2025-02-20 22:12:00,712
L00404,(81) 90001-0003,(81) 90001-0006,2025-02-20 21:37:00,230
L00405,(81) 90001-0001,(81) 90001-0004,2025-02-21 18:36:00,125
L00406,(81) 90001-0009,(81) 90001-0010,2025-02-21 15:06:00,401
L00407,(81) 90001-0001,(81) 90001-0003,2025-02-21 15:14:00,515
L00408,(81) 90001-0004,(81) 90001-0008,2025-02-21 10:38:00,664
L00409,(81) 90001-0009,(81) 90001-0010,2025-02-21 18:19:00,662
L00410,(81) 90001-0009,(81) 90001-0010,2025-02-21 10:59:00,426
L00411,(81) 90001-0002,(81) 90001-0006,2025-02-21 22:21:00,740
L00412,(81) 90001-0001,(81) 90001-0003,2025-02-21 09:57:00,191
L00413,(81) 90001-0002,(81) 90001-0004,2025-02-21 22:23:00,793
L00414,(81) 90001-0001,(81) 90001-0002,2025-02-21 11:56:00,226
L00415,(81) 90001-0001,(81) 90001-0002,2025-02-22 13:10:00,811
L00416,(81) 90001-0004,(81) 90001-0008,2025-02-22 12:48:00,389
L00417,(81) 90001-0004,(81) 90001-0009,2025-02-22 14:33:00,379
L00418,(81) 90001-0002,(81) 90001-0006,2025-02-22 07:25:00,641
L00419,(81) 90001-0001,(81) 90001-0004,2025-02-23 21:24:00,278
L00420,(81) 90001-0003,(81) 90001-0012,2025-02-23 12:29:00,581
L00421,(81) 90001-0003,(81) 90001-0006,2025-02-23 11:00:00,405
L00422,(81) 90001-0001,(81) 90001-0008,2025-02-23 18:40:00,209
L00423,(81) 90001-0001,(81) 90001-0002,2025-02-23 23:53:00,135
L00424,(81) 90001-0008,(81) 90001-0009,2025-02-23 10:59:00,639
L00425,(81) 90001-0003,(81) 90001-0012,2025-02-23 12:34:00,537
L00426,(81) 90001-0002,(81) 90001-0006,2025-02-23 17:27:00,85
L00427,(81) 90001-0009,(81) 90001-0010,2025-02-23 15:50:00,671
L00428,(81) 90001-0001,(81) 90001-0002,2025-02-23 10:43:00,849
L00429,(81) 90001-0006,(81) 90001-0011,2025-02-23 22:15:00,877
L00430,(81) 90001-0004,(81) 90001-0009,2025-02-23 13:50:00,158
L00431,(81) 90001-0001,(81) 90001-0003,2025-02-24 23:10:00,556
L00432,(81) 90001-0001,(81) 90001-0003,2025-02-24 15:41:00,359
L00433,(81) 90001-0003,(81) 90001-0012,2025-02-24 23:09:00,382
L00434,(81) 90001-0009,(81) 90001-0010,2025-02-24 20:42:00,94
L00435,(81) 90001-0009,(81) 90001-0010,2025-02-24 22:45:00,203
L00436,(81) 90001-0009,(81) 90001-0010,2025-02-24 21:08:00,451
L00437,(81) 90001-0003,(81) 90001-0006,2025-02-24 23:25:00,96
L00438,(81) 90001-0001,(81) 90001-0002,2025-02-24 15:06:00,420
L00439,(81) 90001-0001,(81) 90001-0004,2025-02-24 22:10:00,805
L00440,(81) 90001-0004,(81) 90001-0009,2025-02-24 10:23:00,425
L00441,(81) 90001-0003,(81) 90001-0012,2025-02-24 15:45:00,208
L00442,(81) 90001-0001,(81) 90001-0003,2025-02-25 15:14:00,719
L00443,(81) 90001-0002,(81) 90001-0006,2025-02-25 12:30:00,408
L00444,(81) 90001-0011,(81) 90001-0012,2025-02-25 15:33:00,749
L00445,(81) 90001-0004,(81) 90001-0008,2025-02-25 06:42:00,527
L00446,(81) 90001-0001,(81) 90001-0003,2025-02-25 16:41:00,805
L00447,(81) 90001-0003,(81) 90001-0012,2025-02-25 06:10:00,843
L00448,(81) 90001-0004,(81) 90001-0009,2025-02-26 11:26:00,898
L00449,(81) 90001-0003,(81) 90001-0012,2025-02-26 13:03:00,591
L00450,(81) 90001-0001,(81) 90001-0004,2025-02-26 20:44:00,523
L00451,(81) 90001-0003,(81) 90001-0006,2025-02-26 15:52:00,556
L00452,(81) 90001-0001,(81) 90001-0003,2025-02-27 19:22:00,812
L00453,(81) 90001-0006,(81) 90001-0011,2025-02-27 16:00:00,572
L00454,(81) 90001-0002,(81) 90001-0006,2025-02-27 07:03:00,597
L00455,(81) 90001-0011,(81) 90001-0012,2025-02-27 23:32:00,323
L00456,(81) 90001-0002,(81) 90001-0006,2025-02-27 12:35:00,224
L00457,(81) 90001-0001,(81) 90001-0004,2025-02-27 22:01:00,664
L00458,(81) 90001-0004,(81) 90001-0009,2025-02-27 07:41:00,764
L00459,(81) 90001-0004,(81) 90001-0008,2025-02-27 13:07:00,670
L00460,(81) 90001-0009,(81) 90001-0010,2025-02-27 07:16:00,486
L00461,(81) 90001-0006,(81) 90001-0011,2025-02-28 21:37:00,763
L00462,(81) 90001-0003,(81) 90001-0012,2025-02-28 21:28:00,373
L00463,(81) 90001-0009,(81) 90001-0010,2025-02-28 18:42:00,393
L00464,(81) 90001-0009,(81) 90001-0010,2025-02-28 11:23:00,324
L00465,(81) 90001-0004,(81) 90001-0008,2025-02-28 15:40:00,319
L00466,(81) 90001-0003,(81) 90001-0012,2025-02-28 20:37:00,115
L00467,(81) 90001-0001,(81) 90001-0004,2025-02-28 08:51:00,336
L00468,(81) 90001-0002,(81) 90001-0006,2025-02-28 17:02:00,652
L00469,(81) 90001-0009,(81) 90001-0010,2025-02-28 06:43:00,99
L00470,(81) 90001-0009,(81) 90001-0010,2025-02-28 21:29:00,703
L00471,(81) 90001-0002,(81) 90001-0004,2025-03-01 10:41:00,285
L00472,(81) 90001-0011,(81) 90001-0012,2025-03-01 22:00:00,649
L00473,(81) 90001-0006,(81) 90001-0011,2025-03-01 11:02:00,323
L00474,(81) 90001-0003,(81) 90001-0006,2025-03-01 06:12:00,887
L00475,(81) 90001-0001,(81) 90001-0002,2025-03-02 06:21:00,869
L00476,(81) 90001-0001,(81) 90001-0003,2025-03-02 09:58:00,243
L00477,(81) 90001-0001,(81) 90001-0004,2025-03-02 16:23:00,522
L00478,(81) 90001-0008,(81) 90001-0009,2025-03-02 20:08:00,267
L00479,(81) 90001-0001,(81) 90001-0003,2025-03-02 19:19:00,527
L00480,(81) 90001-0004,(81) 90001-0008,2025-03-02 08:42:00,875
L00481,(81) 90001-0008,(81) 90001-0009,2025-03-02 06:32:00,652
L00482,(81) 90001-0011,(81) 90001-0012,2025-03-02 06:19:00,51
L00483,(81) 90001-0001,(81) 90001-0008,2025-03-03 13:54:00,307
L00484,(81) 90001-0004,(81) 90001-0009,2025-03-03 17:11:00,841
L00485,(81) 90001-0004,(81) 90001-0008,2025-03-03 18:29:00,382
L00486,(81) 90001-0002,(81) 90001-0004,2025-03-03 12:05:00,310
L00487,(81) 90001-0001,(81) 90001-0008,2025-03-03 16:46:00,38
L00488,(81) 90001-0004,(81) 90001-0008,2025-03-03 12:57:00,411
L00489,(81) 90001-0004,(81) 90001-0009,2025-03-03 18:42:00,280
L00490,(81) 90001-0004,(81) 90001-0009,2025-03-03 12:26:00,795
L00491,(81) 90001-0002,(81) 90001-0006,2025-03-03 18:20:00,410
L00492,(81) 90001-0001,(81) 90001-0008,2025-03-03 22:50:00,287
L00493,(81) 90001-0009,(81) 90001-0010,2025-03-03 06:32:00,105
L00494,(81) 90001-0004,(81) 90001-0009,2025-03-04 19:37:00,787
L00495,(81) 90001-0001,(81) 90001-0003,2025-03-04 10:41:00,231
L00496,(81) 90001-0001,(81) 90001-0008,2025-03-04 10:38:00,455
L00497,(81) 90001-0003,(81) 90001-0012,2025-03-04 12:24:00,685
L00498,(81) 90001-0001,(81) 90001-0002,2025-03-04 17:13:00,217
L00499,(81) 90001-0006,(81) 90001-0011,2025-03-04 17:46:00,492
L00500,(81) 90001-0008,(81) 90001-0009,2025-03-04 19:27:00,73
L00501,(81) 90001-0003,(81) 90001-0012,2025-03-04 12:58:00,84
L00502,(81) 90001-0008,(81) 90001-0009,2025-03-04 12:40:00,502
L00503,(81) 90001-0003,(81) 90001-0012,2025-03-05 21:03:00,864
L00504,(81) 90001-0004,(81) 90001-0008,2025-03-05 12:34:00,422
L00505,(81) 90001-0004,(81) 90001-0009,2025-03-05 16:31:00,425
L00506,(81) 90001-0004,(81) 90001-0008,2025-03-05 23:11:00,64
L00507,(81) 90001-0011,(81) 90001-0012,2025-03-05 16:05:00,543
L00508,(81) 90001-0001,(81) 90001-0003,2025-03-05 13:36:00,29
L00509,(81) 90001-0001,(81) 90001-0002,2025-03-05 13:44:00,666
L00510,(81) 90001-0003,(81) 90001-0012,2025-03-05 12:58:00,116
L00511,(81) 90001-0001,(81) 90001-0002,2025-03-05 18:24:00,379
L00512,(81) 90001-0002,(81) 90001-0006,2025-03-05 16:17:00,885
L00513,(81) 90001-0001,(81) 90001-0003,2025-03-06 11:37:00,655
L00514,(81) 90001-0002,(81) 90001-0006,2025-03-06 15:56:00,602
L00515,(81) 90001-0003,(81) 90001-0006,2025-03-06 18:23:00,22
L00516,(81) 90001-0008,(81) 90001-0009,2025-03-06 19:13:00,306
L00517,(81) 90001-0004,(81) 90001-0008,2025-03-06 20:48:00,750
L00518,(81) 90001-0004,(81) 90001-0009,2025-03-06 16:56:00,437
L00519,(81) 90001-0001,(81) 90001-0004,2025-03-07 08:25:00,323
L00520,(81) 90001-0003,(81) 90001-0012,2025-03-07 09:32:00,163
L00521,(81) 90001-0003,(81) 90001-0012,2025-03-07 07:23:00,399
L00522,(81) 90001-0004,(81) 90001-0008,2025-03-07 23:52:00,516
L00523,(81) 90001-0001,(81) 90001-0004,2025-03-07 16:48:00,196
L00524,(81) 90001-0001,(81) 90001-0008,2025-03-07 07:00:00,170
L00525,(81) 90001-0009,(81) 90001-0010,2025-03-07 06:14:00,212
L00526,(81) 90001-0001,(81) 90001-0004,2025-03-07 21:50:00,21
L00527,(81) 90001-0004,(81) 90001-0009,2025-03-07 18:30:00,280
L00528,(81) 90001-0003,(81) 90001-0012,2025-03-07 12:12:00,464
L00529,(81) 90001-0001,(81) 90001-0008,2025-03-07 22:31:00,321
L00530,(81) 90001-0009,(81) 90001-0010,2025-03-07 12:15:00,608
L00531,(81) 90001-0001,(81) 90001-0003,2025-03-08 10:07:00,466
L00532,(81) 90001-0009,(81) 90001-0010,2025-03-08 17:59:00,169
L00533,(81) 90001-0001,(81) 90001-0003,2025-03-08 11:58:00,614
L00534,(81) 90001-0004,(81) 90001-0008,2025-03-08 21:15:00,630
L00535,(81) 90001-0011,(81) 90001-0012,2025-03-09 22:50:00,891
L00536,(81) 90001-0003,(81) 90001-0006,2025-03-09 06:20:00,215
L00537,(81) 90001-0001,(81) 90001-0004,2025-03-09 10:22:00,580
L00538,(81) 90001-0001,(81) 90001-0004,2025-03-09 21:20:00,18
L00539,(81) 90001-0002,(81) 90001-0006,2025-03-09 12:45:00,629
L00540,(81) 90001-0003,(81) 90001-0012,2025-03-10 06:33:00,348
L00541,(81) 90001-0001,(81) 90001-0002,2025-03-10 17:52:00,647
L00542,(81) 90001-0001,(81) 90001-0008,2025-03-10 13:08:00,399
L00543,(81) 90001-0003,(81) 90001-0012,2025-03-10 18:46:00,300
L00544,(81) 90001-0011,(81) 90001-0012,2025-03-10 22:57:00,787
L00545,(81) 90001-0002,(81) 90001-0004,2025-03-10 21:18:00,134
L00546,(81) 90001-0002,(81) 90001-0004,2025-03-10 19:52:00,241
L00547,(81) 90001-0003,(81) 90001-0006,2025-03-10 14:01:00,453
L00548,(81) 90001-0002,(81) 90001-0004,2025-03-10 21:20:00,458
L00549,(81) 90001-0003,(81) 90001-0006,2025-03-10 08:06:00,299
L00550,(81) 90001-0002,(81) 90001-0006,2025-03-11 10:38:00,33
L00551,(81) 90001-0001,(81) 90001-0004,2025-03-11 20:21:00,759
L00552,(81) 90001-0006,(81) 90001-0011,2025-03-11 19:30:00,646
L00553,(81) 90001-0001,(81) 90001-0003,2025-03-11 09:13:00,364
L00554,(81) 90001-0001,(81) 90001-0003,2025-03-11 12:06:00,110
L00555,(81) 90001-0004,(81) 90001-0008,2025-03-12 13:22:00,547
L00556,(81) 90001-0011,(81) 90001-0012,2025-03-12 23:04:00,427
L00557,(81) 90001-0004,(81) 90001-0009,2025-03-12 23:16:00,80
L00558,(81) 90001-0004,(81) 90001-0008,2025-03-12 21:59:00,134
L00559,(81) 90001-0004,(81) 90001-0009,2025-03-12 19:29:00,377
L00560,(81) 90001-0001,(81) 90001-0008,2025-03-12 19:15:00,777
L00561,(81) 90001-0011,(81) 90001-0012,2025-03-12 11:45:00,102
L00562,(81) 90001-0003,(81) 90001-0012,2025-03-12 11:13:00,249
L00563,(81) 90001-0001,(81) 90001-0004,2025-03-12 14:55:00,545
L00564,(81) 90001-0004,(81) 90001-0009,2025-03-12 21:15:00,750
L00565,(81) 90001-0008,(81) 90001-0009,2025-03-13 11:59:00,275
L00566,(81) 90001-0001,(81) 90001-0004,2025-03-13 06:09:00,553
L00567,(81) 90001-0001,(81) 90001-0008,2025-03-13 13:47:00,740
L00568,(81) 90001-0003,(81) 90001-0006,2025-03-13 15:36:00,879
L00569,(81) 90001-0009,(81) 90001-0010,2025-03-13 11:43:00,764
L00570,(81) 90001-0004,(81) 90001-0008,2025-03-13 15:16:00,53
L00571,(81) 90001-0006,(81) 90001-0011,2025-03-14 14:12:00,147
L00572,(81) 90001-0008,(81) 90001-0009,2025-03-14 07:13:00,70
L00573,(81) 90001-0001,(81) 90001-0003,2025-03-14 16:46:00,278
L00574,(81) 90001-0003,(81) 90001-0012,2025-03-14 18:00:00,740
L00575,(81) 90001-0001,(81) 90001-0004,2025-03-14 19:03:00,691
L00576,(81) 90001-0004,(81) 90001-0009,2025-03-14 10:27:00,515
L00577,(81) 90001-0002,(81) 90001-0004,2025-03-14 11:23:00,310
L00578,(81) 90001-0002,(81) 90001-0004,2025-03-15 12:47:00,556
L00579,(81) 90001-0004,(81) 90001-0008,2025-03-15 06:53:00,265
L00580,(81) 90001-0004,(81) 90001-0009,2025-03-15 22:31:00,362
L00581,(81) 90001-0008,(81) 90001-0009,2025-03-15 23:06:00,99
L00582,(81) 90001-0001,(81) 90001-0008,2025-03-15 07:07:00,226
L00583,(81) 90001-0001,(81) 90001-0003,2025-03-15 19:45:00,773
L00584,(81) 90001-0003,(81) 90001-0012,2025-03-15 19:32:00,193
L00585,(81) 90001-0006,(81) 90001-0011,2025-03-15 21:27:00,515
L00586,(81) 90001-0003,(81) 90001-0012,2025-03-15 10:00:00,216
L00587,(81) 90001-0004,(81) 90001-0008,2025-03-15 16:04:00,665
L00588,(81) 90001-0001,(81) 90001-0003,2025-03-16 22:39:00,71
L00589,(81) 90001-0004,(81) 90001-0009,2025-03-16 23:43:00,778
L00590,(81) 90001-0002,(81) 90001-0006,2025-03-16 23:04:00,38
L00591,(81) 90001-0004,(81) 90001-0009,2025-03-16 08:07:00,222
L00592,(81) 90001-0002,(81) 90001-0004,2025-03-17 19:56:00,666
L00593,(81) 90001-0002,(81) 90001-0004,2025-03-17 08:35:00,263
L00594,(81) 90001-0001,(81) 90001-0004,2025-03-17 19:53:00,661
L00595,(81) 90001-0008,(81) 90001-0009,2025-03-17 06:25:00,520
L00596,(81) 90001-0003,(81) 90001-0006,2025-03-17 21:22:00,616
L00597,(81) 90001-0001,(81) 90001-0003,2025-03-17 16:17:00,128
L00598,(81) 90001-0008,(81) 90001-0009,2025-03-17 15:40:00,855
L00599,(81) 90001-0006,(81) 90001-0011,2025-03-17 10:47:00,580
L00600,(81) 90001-0001,(81) 90001-0008,2025-03-17 06:56:00,79
L00601,(81) 90001-0003,(81) 90001-0012,2025-03-18 19:33:00,794
L00602,(81) 90001-0008,(81) 90001-0009,2025-03-18 13:50:00,706
L00603,(81) 90001-0002,(81) 90001-0004,2025-03-18 13:34:00,859
L00604,(81) 90001-0003,(81) 90001-0012,2025-03-18 08:04:00,479
L00605,(81) 90001-0002,(81) 90001-0006,2025-03-18 15:43:00,749
L00606,(81) 90001-0003,(81) 90001-0012,2025-03-18 23:12:00,204
L00607,(81) 90001-0001,(81) 90001-0003,2025-03-18 20:23:00,832
L00608,(81) 90001-0002,(81) 90001-0004,2025-03-18 22:32:00,610
L00609,(81) 90001-0009,(81) 90001-0010,2025-03-18 12:10:00,34
L00610,(81) 90001-0001,(81) 90001-0003,2025-03-19 19:58:00,636
L00611,(81) 90001-0002,(81) 90001-0004,2025-03-19 21:22:00,343
L00612,(81) 90001-0001,(81) 90001-0008,2025-03-19 17:54:00,188
L00613,(81) 90001-0001,(81) 90001-0002,2025-03-19 16:18:00,492
L00614,(81) 90001-0001,(81) 90001-0004,2025-03-20 12:35:00,821
L00615,(81) 90001-0004,(81) 90001-0008,2025-03-20 10:59:00,755
L00616,(81) 90001-0001,(81) 90001-0003,2025-03-20 08:09:00,280
L00617,(81) 90001-0004,(81) 90001-0008,2025-03-20 18:11:00,487
L00618,(81) 90001-0002,(81) 90001-0006,2025-03-20 12:57:00,651
L00619,(81) 90001-0009,(81) 90001-0010,2025-03-20 16:39:00,642
L00620,(81) 90001-0002,(81) 90001-0004,2025-03-20 22:47:00,288
L00621,(81) 90001-0001,(81) 90001-0004,2025-03-20 23:16:00,515
L00622,(81) 90001-0001,(81) 90001-0008,2025-03-21 19:45:00,492
L00623,(81) 90001-0003,(81) 90001-0006,2025-03-21 20:15:00,857
L00624,(81) 90001-0003,(81) 90001-0006,2025-03-21 08:38:00,144
L00625,(81) 90001-0006,(81) 90001-0011,2025-03-21 21:56:00,713
L00626,(81) 90001-0003,(81) 90001-0012,2025-03-21 09:59:00,496
L00627,(81) 90001-0009,(81) 90001-0010,2025-03-21 18:14:00,588
L00628,(81) 90001-0006,(81) 90001-0011,2025-03-21 18:41:00,463
L00629,(81) 90001-0001,(81) 90001-0003,2025-03-21 12:37:00,143
L00630,(81) 90001-0004,(81) 90001-0008,2025-03-21 12:58:00,380
L00631,(81) 90001-0009,(81) 90001-0010,2025-03-21 17:13:00,771
L00632,(81) 90001-0011,(81) 90001-0012,2025-03-21 12:46:00,602
L00633,(81) 90001-0006,(81) 90001-0011,2025-03-21 15:56:00,714
L00634,(81) 90001-0006,(81) 90001-0011,2025-03-22 14:26:00,302
L00635,(81) 90001-0001,(81) 90001-0008,2025-03-22 19:46:00,310
L00636,(81) 90001-0008,(81) 90001-0009,2025-03-22 23:14:00,161
L00637,(81) 90001-0006,(81) 90001-0011,2025-03-22 14:35:00,217
L00638,(81) 90001-0002,(81) 90001-0004,2025-03-22 06:51:00,809
L00639,(81) 90001-0003,(81) 90001-0006,2025-03-22 12:56:00,656
L00640,(81) 90001-0001,(81) 90001-0004,2025-03-22 15:58:00,666
L00641,(81) 90001-0001,(81) 90001-0004,2025-03-23 14:57:00,165
L00642,(81) 90001-0011,(81) 90001-0012,2025-03-23 22:57:00,784
L00643,(81) 90001-0001,(81) 90001-0002,2025-03-23 08:20:00,172
L00644,(81) 90001-0006,(81) 90001-0011,2025-03-23 17:00:00,268
L00645,(81) 90001-0003,(81) 90001-0012,2025-03-23 22:51:00,186
L00646,(81) 90001-0002,(81) 90001-0004,2025-03-23 09:10:00,207
L00647,(81) 90001-0011,(81) 90001-0012,2025-03-23 17:35:00,697
L00648,(81) 90001-0004,(81) 90001-0008,2025-03-23 17:04:00,181
L00649,(81) 90001-0002,(81) 90001-0006,2025-03-24 12:58:00,681
L00650,(81) 90001-0003,(81) 90001-0006,2025-03-24 22:28:00,156
L00651,(81) 90001-0001,(81) 90001-0004,2025-03-24 20:47:00,388
L00652,(81) 90001-0001,(81) 90001-0002,2025-03-24 20:15:00,396
L00653,(81) 90001-0009,(81) 90001-0010,2025-03-24 18:17:00,652
L00654,(81) 90001-0001,(81) 90001-0008,2025-03-24 14:34:00,185
L00655,(81) 90001-0003,(81) 90001-0012,2025-03-24 08:29:00,408
L00656,(81) 90001-0011,(81) 90001-0012,2025-03-25 08:23:00,187
L00657,(81) 90001-0003,(81) 90001-0012,2025-03-25 14:25:00,311
L00658,(81) 90001-0001,(81) 90001-0003,2025-03-25 17:15:00,141
L00659,(81) 90001-0006,(81) 90001-0011,2025-03-25 16:30:00,877
L00660,(81) 90001-0001,(81) 90001-0003,2025-03-25 14:39:00,404
L00661,(81) 90001-0001,(81) 90001-0003,2025-03-25 11:46:00,851
L00662,(81) 90001-0004,(81) 90001-0009,2025-03-25 10:42:00,171
L00663,(81) 90001-0002,(81) 90001-0006,2025-03-26 08:43:00,796
L00664,(81) 90001-0004,(81) 90001-0008,2025-03-26 07:49:00,673
L00665,(81) 90001-0008,(81) 90001-0009,2025-03-26 22:13:00,78
L00666,(81) 90001-0002,(81) 90001-0006,2025-03-26 21:00:00,692
L00667,(81) 90001-0006,(81) 90001-0011,2025-03-26 22:03:00,797
L00668,(81) 90001-0001,(81) 90001-0003,2025-03-26 20:28:00,746
L00669,(81) 90001-0011,(81) 90001-0012,2025-03-26 11:58:00,369
L00670,(81) 90001-0006,(81) 90001-0011,2025-03-26 08:54:00,645
L00671,(81) 90001-0004,(81) 90001-0009,2025-03-26 09:39:00,805
L00672,(81) 90001-0001,(81) 90001-0003,2025-03-26 10:42:00,242
L00673,(81) 90001-0002,(81) 90001-0006,2025-03-26 17:22:00,538
L00674,(81) 90001-0011,(81) 90001-0012,2025-03-27 17:42:00,393
L00675,(81) 90001-0001,(81) 90001-0004,2025-03-27 07:27:00,71
L00676,(81) 90001-0006,(81) 90001-0011,2025-03-27 10:06:00,124
L00677,(81) 90001-0001,(81) 90001-0008,2025-03-27 08:34:00,483
L00678,(81) 90001-0008,(81) 90001-0009,2025-03-27 18:24:00,143
L00679,(81) 90001-0009,(81) 90001-0010,2025-03-27 11:45:00,558
L00680,(81) 90001-0004,(81) 90001-0008,2025-03-27 13:09:00,506
L00681,(81) 90001-0001,(81) 90001-0002,2025-03-28 21:12:00,294
L00682,(81) 90001-0002,(81) 90001-0004,2025-03-28 23:53:00,281
L00683,(81) 90001-0003,(81) 90001-0006,2025-03-28 20:36:00,578
L00684,(81) 90001-0008,(81) 90001-0009,2025-03-28 19:15:00,829
L00685,(81) 90001-0004,(81) 90001-0008,2025-03-29 07:45:00,326
L00686,(81) 90001-0001,(81) 90001-0002,2025-03-29 11:32:00,500
L00687,(81) 90001-0001,(81) 90001-0003,2025-03-29 20:12:00,900
L00688,(81) 90001-0001,(81) 90001-0004,2025-03-29 12:45:00,504
L00689,(81) 90001-0009,(81) 90001-0010,2025-03-29 19:24:00,814
L00690,(81) 90001-0001,(81) 90001-0003,2025-03-29 06:12:00,285
L00691,(81) 90001-0008,(81) 90001-0009,2025-03-29 09:12:00,524
L00692,(81) 90001-0001,(81) 90001-0002,2025-03-29 23:25:00,876
L00693,(81) 90001-0002,(81) 90001-0006,2025-03-29 19:27:00,282
L00694,(81) 90001-0004,(81) 90001-0009,2025-03-29 22:39:00,676
L00695,(81) 90001-0001,(81) 90001-0004,2025-03-29 19:59:00,458
L00696,(81) 90001-0006,(81) 90001-0011,2025-03-30 18:41:00,670
L00697,(81) 90001-0011,(81) 90001-0012,2025-03-30 16:40:00,515
L00698,(81) 90001-0006,(81) 90001-0011,2025-03-30 09:50:00,865
L00699,(81) 90001-0001,(81) 90001-0008,2025-03-30 17:37:00,59
L00700,(81) 90001-0004,(81) 90001-0008,2025-03-30 08:55:00,482
L00701,(81) 90001-0006,(81) 90001-0011,2025-03-31 12:42:00,778
L00702,(81) 90001-0001,(81) 90001-0002,2025-03-31 11:56:00,776
L00703,(81) 90001-0011,(81) 90001-0012,2025-03-31 22:26:00,56
L00704,(81) 90001-0009,(81) 90001-0010,2025-03-31 19:09:00,379
L00705,(81) 90001-0004,(81) 90001-0009,2025-03-31 20:15:00,677
L00706,(81) 90001-0004,(81) 90001-0008,2025-03-31 12:37:00,890
L00707,(81) 90001-0011,(81) 90001-0012,2025-03-31 08:39:00,629
L00708,(81) 90001-0009,(81) 90001-0010,2025-03-31 20:23:00,313
L00709,(81) 90001-0006,(81) 90001-0011,2025-03-31 23:10:00,617
L00710,(81) 90001-0004,(81) 90001-0008,2025-03-31 15:37:00,16
L00711,(81) 90001-0004,(81) 90001-0009,2025-04-01 21:34:00,291
L00712,(81) 90001-0003,(81) 90001-0006,2025-04-01 18:46:00,767
L00713,(81) 90001-0006,(81) 90001-0011,2025-04-01 07:43:00,58
L00714,(81) 90001-0008,(81) 90001-0009,2025-04-01 10:23:00,250
L00715,(81) 90001-0009,(81) 90001-0010,2025-04-01 16:52:00,513
L00716,(81) 90001-0001,(81) 90001-0008,2025-04-01 22:02:00,714
L00717,(81) 90001-0001,(81) 90001-0002,2025-04-01 10:22:00,32
L00718,(81) 90001-0001,(81) 90001-0003,2025-04-01 22:45:00,203
L00719,(81) 90001-0009,(81) 90001-0010,2025-04-02 15:14:00,313
L00720,(81) 90001-0001,(81) 90001-0004,2025-04-02 06:12:00,200
L00721,(81) 90001-0001,(81) 90001-0002,2025-04-02 07:14:00,621
L00722,(81) 90001-0002,(81) 90001-0006,2025-04-02 21:39:00,315
L00723,(81) 90001-0011,(81) 90001-0012,2025-04-02 06:43:00,198
L00724,(81) 90001-0002,(81) 90001-0004,2025-04-02 11:53:00,743
L00725,(81) 90001-0011,(81) 90001-0012,2025-04-03 11:33:00,508
L00726,(81) 90001-0004,(81) 90001-0008,2025-04-03 07:59:00,414
L00727,(81) 90001-0001,(81) 90001-0002,2025-04-03 13:14:00,153
L00728,(81) 90001-0003,(81) 90001-0012,2025-04-03 22:36:00,808
L00729,(81) 90001-0001,(81) 90001-0004,2025-04-03 10:29:00,511
L00730,(81) 90001-0008,(81) 90001-0009,2025-04-03 15:14:00,781
L00731,(81) 90001-0003,(81) 90001-0006,2025-04-03 16:05:00,66
L00732,(81) 90001-0004,(81) 90001-0009,2025-04-03 18:47:00,153
L00733,(81) 90001-0011,(81) 90001-0012,2025-04-03 20:58:00,459
L00734,(81) 90001-0001,(81) 90001-0008,2025-04-03 12:10:00,76
L00735,(81) 90001-0001,(81) 90001-0002,2025-04-04 19:18:00,510
L00736,(81) 90001-0001,(81) 90001-0008,2025-04-04 09:29:00,795
L00737,(81) 90001-0006,(81) 90001-0011,2025-04-04 17:16:00,284
L00738,(81) 90001-0002,(81) 90001-0006,2025-04-04 20:02:00,789
L00739,(81) 90001-0002,(81) 90001-0006,2025-04-04 21:40:00,124
L00740,(81) 90001-0003,(81) 90001-0012,2025-04-04 20:09:00,19
L00741,(81) 90001-0009,(81) 90001-0010,2025-04-04 19:28:00,861
L00742,(81) 90001-0006,(81) 90001-0011,2025-04-04 11:44:00,603
L00743,(81) 90001-0002,(81) 90001-0004,2025-04-04 21:45:00,479
L00744,(81) 90001-0004,(81) 90001-0009,2025-04-05 08:49:00,443
L00745,(81) 90001-0004,(81) 90001-0008,2025-04-05 22:46:00,346
L00746,(81) 90001-0002,(81) 90001-0006,2025-04-05 19:01:00,96
L00747,(81) 90001-0001,(81) 90001-0003,2025-04-05 23:30:00,862
L00748,(81) 90001-0002,(81) 90001-0006,2025-04-06 11:49:00,755
L00749,(81) 90001-0003,(81) 90001-0012,2025-04-06 20:51:00,525
L00750,(81) 90001-0011,(81) 90001-0012,2025-04-06 16:40:00,717
L00751,(81) 90001-0006,(81) 90001-0011,2025-04-06 09:46:00,412
L00752,(81) 90001-0002,(81) 90001-0006,2025-04-06 13:13:00,332
L00753,(81) 90001-0004,(81) 90001-0008,2025-04-06 19:33:00,500
L00754,(81) 90001-0001,(81) 90001-0002,2025-04-06 08:13:00,133
L00755,(81) 90001-0001,(81) 90001-0003,2025-04-06 22:16:00,253
L00756,(81) 90001-0011,(81) 90001-0012,2025-04-06 12:45:00,119
L00757,(81) 90001-0006,(81) 90001-0011,2025-04-06 23:39:00,399
L00758,(81) 90001-0004,(81) 90001-0008,2025-04-06 06:44:00,858
L00759,(81) 90001-0001,(81) 90001-0008,2025-04-07 22:15:00,48
L00760,(81) 90001-0004,(81) 90001-0009,2025-04-07 22:55:00,144
L00761,(81) 90001-0004,(81) 90001-0008,2025-04-07 09:24:00,748
L00762,(81) 90001-0001,(81) 90001-0003,2025-04-07 07:21:00,114
L00763,(81) 90001-0002,(81) 90001-0006,2025-04-07 22:55:00,761
L00764,(81) 90001-0006,(81) 90001-0011,2025-04-07 17:49:00,478
L00765,(81) 90001-0008,(81) 90001-0009,2025-04-07 12:01:00,687
L00766,(81) 90001-0003,(81) 90001-0012,2025-04-07 13:52:00,379
L00767,(81) 90001-0009,(81) 90001-0010,2025-04-07 20:43:00,476
L00768,(81) 90001-0001,(81) 90001-0004,2025-04-07 17:42:00,148
L00769,(81) 90001-0004,(81) 90001-0009,2025-04-07 12:23:00,555
L00770,(81) 90001-0001,(81) 90001-0008,2025-04-07 06:43:00,361
L00771,(81) 90001-0001,(81) 90001-0003,2025-04-08 22:11:00,220
L00772,(81) 90001-0006,(81) 90001-0011,2025-04-08 11:10:00,840
L00773,(81) 90001-0009,(81) 90001-0010,2025-04-08 09:37:00,307
L00774,(81) 90001-0001,(81) 90001-0002,2025-04-08 17:04:00,467
L00775,(81) 90001-0011,(81) 90001-0012,2025-04-08 09:10:00,838
L00776,(81) 90001-0002,(81) 90001-0006,2025-04-08 07:08:00,513
L00777,(81) 90001-0001,(81) 90001-0002,2025-04-08 19:42:00,30
L00778,(81) 90001-0003,(81) 90001-0012,2025-04-08 11:55:00,585
L00779,(81) 90001-0001,(81) 90001-0003,2025-04-08 20:59:00,868
L00780,(81) 90001-0002,(81) 90001-0004,2025-04-09 23:59:00,381
L00781,(81) 90001-0002,(81) 90001-0004,2025-04-09 10:50:00,403
L00782,(81) 90001-0004,(81) 90001-0008,2025-04-09 15:21:00,468
L00783,(81) 90001-0002,(81) 90001-0006,2025-04-09 06:03:00,366
L00784,(81) 90001-0004,(81) 90001-0008,2025-04-09 17:42:00,730
L00785,(81) 90001-0009,(81) 90001-0010,2025-04-09 14:20:00,608
L00786,(81) 90001-0009,(81) 90001-0010,2025-04-09 11:06:00,172
L00787,(81) 90001-0001,(81) 90001-0008,2025-04-09 10:11:00,692
L00788,(81) 90001-0001,(81) 90001-0004,2025-04-09 10:41:00,473
L00789,(81) 90001-0002,(81) 90001-0004,2025-04-10 20:09:00,254
L00790,(81) 90001-0001,(81) 90001-0002,2025-04-10 07:23:00,553
L00791,(81) 90001-0009,(81) 90001-0010,2025-04-10 20:53:00,635
L00792,(81) 90001-0008,(81) 90001-0009,2025-04-10 23:15:00,588
L00793,(81) 90001-0001,(81) 90001-0003,2025-04-10 09:19:00,790
L00794,(81) 90001-0008,(81) 90001-0009,2025-04-10 17:40:00,158
L00795,(81) 90001-0001,(81) 90001-0004,2025-04-11 15:46:00,223
L00796,(81) 90001-0002,(81) 90001-0006,2025-04-11 11:29:00,811
L00797,(81) 90001-0001,(81) 90001-0008,2025-04-11 13:11:00,476
L00798,(81) 90001-0011,(81) 90001-0012,2025-04-11 07:48:00,806
L00799,(81) 90001-0001,(81) 90001-0004,2025-04-11 23:15:00,271
L00800,(81) 90001-0001,(81) 90001-0008,2025-04-11 21:50:00,324
L00801,(81) 90001-0002,(81) 90001-0006,2025-04-12 14:28:00,481
L00802,(81) 90001-0006,(81) 90001-0011,2025-04-12 23:27:00,304
L00803,(81) 90001-0004,(81) 90001-0008,2025-04-12 15:36:00,95
L00804,(81) 90001-0009,(81) 90001-0010,2025-04-12 17:20:00,812
L00805,(81) 90001-0001,(81) 90001-0003,2025-04-12 10:44:00,507
L00806,(81) 90001-0002,(81) 90001-0004,2025-04-12 10:55:00,402
L00807,(81) 90001-0006,(81) 90001-0011,2025-04-13 07:37:00,702
L00808,(81) 90001-0004,(81) 90001-0008,2025-04-13 06:40:00,565
L00809,(81) 90001-0011,(81) 90001-0012,2025-04-13 07:48:00,572
L00810,(81) 90001-0009,(81) 90001-0010,2025-04-13 23:15:00,667
L00811,(81) 90001-0001,(81) 90001-0008,2025-04-13 15:34:00,628
L00812,(81) 90001-0001,(81) 90001-0008,2025-04-13 17:58:00,373
L00813,(81) 90001-0001,(81) 90001-0008,2025-04-14 07:51:00,714
L00814,(81) 90001-0008,(81) 90001-0009,2025-04-14 23:55:00,796
L00815,(81) 90001-0001,(81) 90001-0008,2025-04-14 23:45:00,872
L00816,(81) 90001-0004,(81) 90001-0008,2025-04-14 21:53:00,604
L00817,(81) 90001-0001,(81) 90001-0008,2025-04-14 16:43:00,274
L00818,(81) 90001-0004,(81) 90001-0009,2025-04-14 10:45:00,145
L00819,(81) 90001-0001,(81) 90001-0003,2025-04-14 23:35:00,432
L00820,(81) 90001-0011,(81) 90001-0012,2025-04-14 08:20:00,825
L00821,(81) 90001-0001,(81) 90001-0002,2025-04-14 10:25:00,408
L00822,(81) 90001-0003,(81) 90001-0006,2025-04-14 12:22:00,215
L00823,(81) 90001-0009,(81) 90001-0010,2025-04-15 23:17:00,408
L00824,(81) 90001-0001,(81) 90001-0008,2025-04-15 11:47:00,727
L00825,(81) 90001-0006,(81) 90001-0011,2025-04-15 19:38:00,810
L00826,(81) 90001-0003,(81) 90001-0012,2025-04-15 10:28:00,492
L00827,(81) 90001-0008,(81) 90001-0009,2025-04-15 13:29:00,79
L00828,(81) 90001-0003,(81) 90001-0006,2025-04-15 08:44:00,395
L00829,(81) 90001-0009,(81) 90001-0010,2025-04-15 20:26:00,733
L00830,(81) 90001-0004,(81) 90001-0008,2025-04-15 07:03:00,745
L00831,(81) 90001-0003,(81) 90001-0006,2025-04-15 10:58:00,360
L00832,(81) 90001-0006,(81) 90001-0011,2025-04-16 16:56:00,304
L00833,(81) 90001-0001,(81) 90001-0002,2025-04-16 09:55:00,303
L00834,(81) 90001-0009,(81) 90001-0010,2025-04-16 20:09:00,898
L00835,(81) 90001-0001,(81) 90001-0004,2025-04-16 18:26:00,790
L00836,(81) 90001-0001,(81) 90001-0002,2025-04-16 07:22:00,711
L00837,(81) 90001-0009,(81) 90001-0010,2025-04-16 09:15:00,516
L00838,(81) 90001-0001,(81) 90001-0002,2025-04-16 16:08:00,432
L00839,(81) 90001-0006,(81) 90001-0011,2025-04-16 17:40:00,294
L00840,(81) 90001-0001,(81) 90001-0004,2025-04-16 19:52:00,774
L00841,(81) 90001-0006,(81) 90001-0011,2025-04-16 13:39:00,409
L00842,(81) 90001-0001,(81) 90001-0002,2025-04-16 09:31:00,546
L00843,(81) 90001-0004,(81) 90001-0009,2025-04-16 15:59:00,157
L00844,(81) 90001-0001,(81) 90001-0008,2025-04-17 12:19:00,567
L00845,(81) 90001-0003,(81) 90001-0006,2025-04-17 22:39:00,191
L00846,(81) 90001-0001,(81) 90001-0004,2025-04-17 19:41:00,26
L00847,(81) 90001-0002,(81) 90001-0006,2025-04-17 21:00:00,900
L00848,(81) 90001-0001,(81) 90001-0008,2025-04-17 17:29:00,164
L00849,(81) 90001-0001,(81) 90001-0002,2025-04-17 23:37:00,108
L00850,(81) 90001-0002,(81) 90001-0006,2025-04-17 06:37:00,366
L00851,(81) 90001-0001,(81) 90001-0008,2025-04-17 21:14:00,71
L00852,(81) 90001-0001,(81) 90001-0003,2025-04-17 13:49:00,706
L00853,(81) 90001-0006,(81) 90001-0011,2025-04-17 12:39:00,682
L00854,(81) 90001-0009,(81) 90001-0010,2025-04-17 06:12:00,713
L00855,(81) 90001-0002,(81) 90001-0004,2025-04-18 11:12:00,423
L00856,(81) 90001-0002,(81) 90001-0004,2025-04-18 16:33:00,289
L00857,(81) 90001-0003,(81) 90001-0012,2025-04-18 20:49:00,566
L00858,(81) 90001-0008,(81) 90001-0009,2025-04-18 21:14:00,259
L00859,(81) 90001-0001,(81) 90001-0003,2025-04-18 06:58:00,239
L00860,(81) 90001-0003,(81) 90001-0006,2025-04-18 19:20:00,680
L00861,(81) 90001-0001,(81) 90001-0002,2025-04-18 15:30:00,330
L00862,(81) 90001-0008,(81) 90001-0009,2025-04-18 13:24:00,312
L00863,(81) 90001-0003,(81) 90001-0012,2025-04-18 22:14:00,311
L00864,(81) 90001-0001,(81) 90001-0004,2025-04-18 18:52:00,889
L00865,(81) 90001-0003,(81) 90001-0006,2025-04-19 19:03:00,805
L00866,(81) 90001-0011,(81) 90001-0012,2025-04-19 21:16:00,140
L00867,(81) 90001-0009,(81) 90001-0010,2025-04-19 16:36:00,144
L00868,(81) 90001-0008,(81) 90001-0009,2025-04-19 07:19:00,485
L00869,(81) 90001-0001,(81) 90001-0002,2025-04-19 16:55:00,729
L00870,(81) 90001-0009,(81) 90001-0010,2025-04-19 12:50:00,457
L00871,(81) 90001-0004,(81) 90001-0009,2025-04-19 09:18:00,30
L00872,(81) 90001-0002,(81) 90001-0004,2025-04-19 15:30:00,32
L00873,(81) 90001-0001,(81) 90001-0003,2025-04-19 16:15:00,637
L00874,(81) 90001-0004,(81) 90001-0009,2025-04-19 07:47:00,213
L00875,(81) 90001-0001,(81) 90001-0008,2025-04-20 15:11:00,752
L00876,(81) 90001-0004,(81) 90001-0008,2025-04-20 06:33:00,443
L00877,(81) 90001-0002,(81) 90001-0006,2025-04-20 13:52:00,199
L00878,(81) 90001-0001,(81) 90001-0003,2025-04-20 23:30:00,74
L00879,(81) 90001-0002,(81) 90001-0006,2025-04-20 16:34:00,847
L00880,(81) 90001-0002,(81) 90001-0004,2025-04-20 08:51:00,558
L00881,(81) 90001-0006,(81) 90001-0011,2025-04-20 22:04:00,782
L00882,(81) 90001-0001,(81) 90001-0004,2025-04-20 16:06:00,354
L00883,(81) 90001-0003,(81) 90001-0006,2025-04-20 17:05:00,115
L00884,(81) 90001-0006,(81) 90001-0011,2025-04-20 10:14:00,83
L00885,(81) 90001-0002,(81) 90001-0006,2025-04-21 23:31:00,206
L00886,(81) 90001-0001,(81) 90001-0008,2025-04-21 11:15:00,269
L00887,(81) 90001-0011,(81) 90001-0012,2025-04-21 14:03:00,397
L00888,(81) 90001-0001,(81) 90001-0004,2025-04-21 06:04:00,768
L00889,(81) 90001-0002,(81) 90001-0004,2025-04-21 10:23:00,585
L00890,(81) 90001-0009,(81) 90001-0010,2025-04-21 15:04:00,267
L00891,(81) 90001-0001,(81) 90001-0003,2025-04-21 20:22:00,632
L00892,(81) 90001-0008,(81) 90001-0009,2025-04-22 19:26:00,837
L00893,(81) 90001-0004,(81) 90001-0009,2025-04-22 12:55:00,483
L00894,(81) 90001-0006,(81) 90001-0011,2025-04-22 14:34:00,825
L00895,(81) 90001-0004,(81) 90001-0009,2025-04-22 06:17:00,457
L00896,(81) 90001-0003,(81) 90001-0006,2025-04-22 13:34:00,249
L00897,(81) 90001-0003,(81) 90001-0012,2025-04-22 23:31:00,54
L00898,(81) 90001-0004,(81) 90001-0008,2025-04-22 16:02:00,174
L00899,(81) 90001-0006,(81) 90001-0011,2025-04-22 11:47:00,329
L00900,(81) 90001-0011,(81) 90001-0012,2025-04-22 08:32:00,813
L00901,(81) 90001-0001,(81) 90001-0008,2025-04-22 17:22:00,176
L00902,(81) 90001-0008,(81) 90001-0009,2025-04-22 19:29:00,888
L00903,(81) 90001-0002,(81) 90001-0004,2025-04-22 10:49:00,897
L00904,(81) 90001-0003,(81) 90001-0006,2025-04-23 06:26:00,301
L00905,(81) 90001-0003,(81) 90001-0006,2025-04-23 22:39:00,723
L00906,(81) 90001-0001,(81) 90001-0008,2025-04-23 09:31:00,555
L00907,(81) 90001-0001,(81) 90001-0004,2025-04-23 20:59:00,792
L00908,(81) 90001-0003,(81) 90001-0012,2025-04-23 17:49:00,237
L00909,(81) 90001-0001,(81) 90001-0003,2025-04-23 07:30:00,385
L00910,(81) 90001-0001,(81) 90001-0004,2025-04-23 17:02:00,178
L00911,(81) 90001-0004,(81) 90001-0009,2025-04-23 21:30:00,169
L00912,(81) 90001-0004,(81) 90001-0009,2025-04-23 17:16:00,235
L00913,(81) 90001-0004,(81) 90001-0009,2025-04-23 11:05:00,298
L00914,(81) 90001-0008,(81) 90001-0009,2025-04-24 07:47:00,849
L00915,(81) 90001-0008,(81) 90001-0009,2025-04-24 06:36:00,375
L00916,(81) 90001-0009,(81) 90001-0010,2025-04-24 14:56:00,46
L00917,(81) 90001-0009,(81) 90001-0010,2025-04-24 13:17:00,842
L00918,(81) 90001-0001,(81) 90001-0003,2025-04-24 13:40:00,794
L00919,(81) 90001-0008,(81) 90001-0009,2025-04-25 16:59:00,437
L00920,(81) 90001-0001,(81) 90001-0002,2025-04-25 16:00:00,675
L00921,(81) 90001-0008,(81) 90001-0009,2025-04-25 11:39:00,65
L00922,(81) 90001-0004,(81) 90001-0009,2025-04-25 12:55:00,181
L00923,(81) 90001-0001,(81) 90001-0003,2025-04-25 18:01:00,697
L00924,(81) 90001-0009,(81) 90001-0010,2025-04-25 07:26:00,869
L00925,(81) 90001-0004,(81) 90001-0009,2025-04-25 11:05:00,498
L00926,(81) 90001-0006,(81) 90001-0011,2025-04-25 07:17:00,134
L00927,(81) 90001-0003,(81) 90001-0012,2025-04-25 16:03:00,536
L00928,(81) 90001-0008,(81) 90001-0009,2025-04-25 19:01:00,561
L00929,(81) 90001-0003,(81) 90001-0006,2025-04-26 23:46:00,141
L00930,(81) 90001-0001,(81) 90001-0008,2025-04-26 23:24:00,539
L00931,(81) 90001-0002,(81) 90001-0004,2025-04-26 10:34:00,436
L00932,(81) 90001-0002,(81) 90001-0006,2025-04-26 18:17:00,602
L00933,(81) 90001-0001,(81) 90001-0004,2025-04-26 09:28:00,656
L00934,(81) 90001-0004,(81) 90001-0009,2025-04-26 08:58:00,735
L00935,(81) 90001-0001,(81) 90001-0008,2025-04-26 23:22:00,306
L00936,(81) 90001-0002,(81) 90001-0006,2025-04-27 23:47:00,301
L00937,(81) 90001-0006,(81) 90001-0011,2025-04-27 21:41:00,653
L00938,(81) 90001-0001,(81) 90001-0002,2025-04-27 09:53:00,119
L00939,(81) 90001-0011,(81) 90001-0012,2025-04-27 13:21:00,183
L00940,(81) 90001-0011,(81) 90001-0012,2025-04-27 14:32:00,177
L00941,(81) 90001-0003,(81) 90001-0006,2025-04-27 22:35:00,719
L00942,(81) 90001-0001,(81) 90001-0004,2025-04-28 14:22:00,190
L00943,(81) 90001-0001,(81) 90001-0003,2025-04-28 19:16:00,716
L00944,(81) 90001-0001,(81) 90001-0002,2025-04-28 11:21:00,866
L00945,(81) 90001-0009,(81) 90001-0010,2025-04-28 13:26:00,454
L00946,(81) 90001-0002,(81) 90001-0006,2025-04-28 14:20:00,226
L00947,(81) 90001-0001,(81) 90001-0002,2025-04-28 10:36:00,466
L00948,(81) 90001-0003,(81) 90001-0006,2025-04-28 15:41:00,580
L00949,(81) 90001-0002,(81) 90001-0006,2025-04-28 15:16:00,584
L00950,(81) 90001-0001,(81) 90001-0003,2025-04-28 15:54:00,411
L00951,(81) 90001-0004,(81) 90001-0009,2025-04-28 20:18:00,581
L00952,(81) 90001-0001,(81) 90001-0003,2025-04-28 13:00:00,206
L00953,(81) 90001-0001,(81) 90001-0003,2025-04-28 19:44:00,726
L00954,(81) 90001-0001,(81) 90001-0008,2025-04-29 16:55:00,739
L00955,(81) 90001-0009,(81) 90001-0010,2025-04-29 18:38:00,663
L00956,(81) 90001-0002,(81) 90001-0006,2025-04-29 23:52:00,416
L00957,(81) 90001-0001,(81) 90001-0003,2025-04-29 22:12:00,858
L00958,(81) 90001-0002,(81) 90001-0006,2025-04-29 23:28:00,877
L00959,(81) 90001-0001,(81) 90001-0003,2025-04-29 18:53:00,332
L00960,(81) 90001-0001,(81) 90001-0004,2025-04-29 19:04:00,256
L00961,(81) 90001-0006,(81) 90001-0011,2025-04-29 11:28:00,391
L00962,(81) 90001-0002,(81) 90001-0004,2025-04-29 09:43:00,37
L00963,(81) 90001-0001,(81) 90001-0002,2025-04-30 15:23:00,741
L00964,(81) 90001-0003,(81) 90001-0012,2025-04-30 07:22:00,404
L00965,(81) 90001-0003,(81) 90001-0006,2025-04-30 10:35:00,571
L00966,(81) 90001-0002,(81) 90001-0004,2025-04-30 13:50:00,186
L00967,(81) 90001-0001,(81) 90001-0003,2025-05-01 08:06:00,53
L00968,(81) 90001-0003,(81) 90001-0012,2025-05-01 19:38:00,853
L00969,(81) 90001-0011,(81) 90001-0012,2025-05-01 22:25:00,434
L00970,(81) 90001-0004,(81) 90001-0008,2025-05-01 13:58:00,100
L00971,(81) 90001-0001,(81) 90001-0003,2025-05-01 19:40:00,24
L00972,(81) 90001-0001,(81) 90001-0004,2025-05-01 07:31:00,90
L00973,(81) 90001-0003,(81) 90001-0012,2025-05-01 06:54:00,267
L00974,(81) 90001-0001,(81) 90001-0004,2025-05-02 06:23:00,613
L00975,(81) 90001-0011,(81) 90001-0012,2025-05-02 20:25:00,407
L00976,(81) 90001-0001,(81) 90001-0008,2025-05-02 07:47:00,358
L00977,(81) 90001-0003,(81) 90001-0006,2025-05-02 23:21:00,829
L00978,(81) 90001-0002,(81) 90001-0004,2025-05-02 16:56:00,422
L00979,(81) 90001-0004,(81) 90001-0008,2025-05-03 09:32:00,779
L00980,(81) 90001-0009,(81) 90001-0010,2025-05-03 20:50:00,725
L00981,(81) 90001-0009,(81) 90001-0010,2025-05-03 11:33:00,127
L00982,(81) 90001-0002,(81) 90001-0006,2025-05-03 14:40:00,256
L00983,(81) 90001-0001,(81) 90001-0004,2025-05-03 08:08:00,683
L00984,(81) 90001-0001,(81) 90001-0003,2025-05-03 15:56:00,346
L00985,(81) 90001-0009,(81) 90001-0010,2025-05-03 11:16:00,376
L00986,(81) 90001-0002,(81) 90001-0006,2025-05-03 07:33:00,440
L00987,(81) 90001-0002,(81) 90001-0004,2025-05-03 08:36:00,309
L00988,(81) 90001-0004,(81) 90001-0008,2025-05-03 09:33:00,529
L00989,(81) 90001-0004,(81) 90001-0008,2025-05-03 21:48:00,323
L00990,(81) 90001-0004,(81) 90001-0008,2025-05-04 16:15:00,598
L00991,(81) 90001-0009,(81) 90001-0010,2025-05-04 18:19:00,469
L00992,(81) 90001-0001,(81) 90001-0008,2025-05-04 16:53:00,390
L00993,(81) 90001-0001,(81) 90001-0004,2025-05-04 11:55:00,792
L00994,(81) 90001-0002,(81) 90001-0004,2025-05-04 21:11:00,522
L00995,(81) 90001-0003,(81) 90001-0012,2025-05-04 10:41:00,55
L00996,(81) 90001-0001,(81) 90001-0002,2025-05-04 23:55:00,103
L00997,(81) 90001-0006,(81) 90001-0011,2025-05-04 06:43:00,151
L00998,(81) 90001-0004,(81) 90001-0009,2025-05-04 14:12:00,765
L00999,(81) 90001-0004,(81) 90001-0008,2025-05-04 12:38:00,720
L01000,(81) 90001-0009,(81) 90001-0010,2025-05-04 15:25:00,753
L01001,(81) 90001-0001,(81) 90001-0008,2025-05-05 23:05:00,21
L01002,(81) 90001-0001,(81) 90001-0002,2025-05-05 10:06:00,520
L01003,(81) 90001-0004,(81) 90001-0008,2025-05-05 11:54:00,868
L01004,(81) 90001-0006,(81) 90001-0011,2025-05-05 22:28:00,606
L01005,(81) 90001-0001,(81) 90001-0008,2025-05-05 08:44:00,627
L01006,(81) 90001-0003,(81) 90001-0006,2025-05-05 23:36:00,176
L01007,(81) 90001-0001,(81) 90001-0004,2025-05-05 18:40:00,780
L01008,(81) 90001-0011,(81) 90001-0012,2025-05-05 15:06:00,90
L01009,(81) 90001-0002,(81) 90001-0006,2025-05-06 16:59:00,826
L01010,(81) 90001-0002,(81) 90001-0004,2025-05-06 07:50:00,880
L01011,(81) 90001-0004,(81) 90001-0009,2025-05-06 08:48:00,52
L01012,(81) 90001-0001,(81) 90001-0004,2025-05-06 10:09:00,301
L01013,(81) 90001-0008,(81) 90001-0009,2025-05-06 18:13:00,407
L01014,(81) 90001-0008,(81) 90001-0009,2025-05-06 08:30:00,847
L01015,(81) 90001-0009,(81) 90001-0010,2025-05-06 22:10:00,723
L01016,(81) 90001-0002,(81) 90001-0004,2025-05-06 16:41:00,494
L01017,(81) 90001-0002,(81) 90001-0006,2025-05-06 07:00:00,791
L01018,(81) 90001-0002,(81) 90001-0006,2025-05-06 20:35:00,328
L01019,(81) 90001-0001,(81) 90001-0008,2025-05-06 22:16:00,472
L01020,(81) 90001-0001,(81) 90001-0008,2025-05-07 21:15:00,166
L01021,(81) 90001-0006,(81) 90001-0011,2025-05-07 16:28:00,268
L01022,(81) 90001-0001,(81) 90001-0003,2025-05-07 19:12:00,293
L01023,(81) 90001-0001,(81) 90001-0002,2025-05-07 06:54:00,151
L01024,(81) 90001-0006,(81) 90001-0011,2025-05-07 22:32:00,257
L01025,(81) 90001-0002,(81) 90001-0006,2025-05-08 16:02:00,600
L01026,(81) 90001-0001,(81) 90001-0002,2025-05-08 15:23:00,292
L01027,(81) 90001-0002,(81) 90001-0006,2025-05-08 18:12:00,143
L01028,(81) 90001-0001,(81) 90001-0003,2025-05-08 13:32:00,234
L01029,(81) 90001-0001,(81) 90001-0004,2025-05-08 20:57:00,113
L01030,(81) 90001-0002,(81) 90001-0004,2025-05-09 22:14:00,229
L01031,(81) 90001-0003,(81) 90001-0012,2025-05-09 12:19:00,210
L01032,(81) 90001-0008,(81) 90001-0009,2025-05-09 19:48:00,647
L01033,(81) 90001-0001,(81) 90001-0008,2025-05-09 07:18:00,729
L01034,(81) 90001-0001,(81) 90001-0008,2025-05-09 23:36:00,488
L01035,(81) 90001-0002,(81) 90001-0004,2025-05-10 16:42:00,360
L01036,(81) 90001-0003,(81) 90001-0012,2025-05-10 15:47:00,78
L01037,(81) 90001-0002,(81) 90001-0004,2025-05-10 07:54:00,268
L01038,(81) 90001-0009,(81) 90001-0010,2025-05-10 20:49:00,381
L01039,(81) 90001-0003,(81) 90001-0012,2025-05-10 06:04:00,521
L01040,(81) 90001-0002,(81) 90001-0006,2025-05-10 21:46:00,893
L01041,(81) 90001-0001,(81) 90001-0004,2025-05-10 10:45:00,622
L01042,(81) 90001-0011,(81) 90001-0012,2025-05-10 17:09:00,675
L01043,(81) 90001-0001,(81) 90001-0002,2025-05-11 13:35:00,723
L01044,(81) 90001-0001,(81) 90001-0003,2025-05-11 23:51:00,565
L01045,(81) 90001-0006,(81) 90001-0011,2025-05-11 07:48:00,420
L01046,(81) 90001-0001,(81) 90001-0003,2025-05-11 21:39:00,686
L01047,(81) 90001-0011,(81) 90001-0012,2025-05-11 10:51:00,142
L01048,(81) 90001-0001,(81) 90001-0008,2025-05-11 15:48:00,126
L01049,(81) 90001-0001,(81) 90001-0008,2025-05-11 15:52:00,250
L01050,(81) 90001-0003,(81) 90001-0012,2025-05-11 22:49:00,285
L01051,(81) 90001-0008,(81) 90001-0009,2025-05-11 17:36:00,680
L01052,(81) 90001-0003,(81) 90001-0006,2025-05-11 15:50:00,642
L01053,(81) 90001-0001,(81) 90001-0004,2025-05-12 20:25:00,242
L01054,(81) 90001-0004,(81) 90001-0009,2025-05-12 23:41:00,369
L01055,(81) 90001-0004,(81) 90001-0008,2025-05-12 10:53:00,573
L01056,(81) 90001-0001,(81) 90001-0002,2025-05-12 22:12:00,521
L01057,(81) 90001-0001,(81) 90001-0004,2025-05-12 23:13:00,119
L01058,(81) 90001-0001,(81) 90001-0008,2025-05-12 14:39:00,136
L01059,(81) 90001-0004,(81) 90001-0009,2025-05-13 18:23:00,491
L01060,(81) 90001-0011,(81) 90001-0012,2025-05-13 18:13:00,448
L01061,(81) 90001-0011,(81) 90001-0012,2025-05-13 09:17:00,594
L01062,(81) 90001-0011,(81) 90001-0012,2025-05-13 10:43:00,801
L01063,(81) 90001-0003,(81) 90001-0006,2025-05-13 16:36:00,106
L01064,(81) 90001-0006,(81) 90001-0011,2025-05-14 20:32:00,126
L01065,(81) 90001-0001,(81) 90001-0004,2025-05-14 11:42:00,857
L01066,(81) 90001-0004,(81) 90001-0009,2025-05-14 10:36:00,568
L01067,(81) 90001-0001,(81) 90001-0008,2025-05-14 22:24:00,746
L01068,(81) 90001-0002,(81) 90001-0004,2025-05-14 16:17:00,211
L01069,(81) 90001-0011,(81) 90001-0012,2025-05-14 11:43:00,750
L01070,(81) 90001-0001,(81) 90001-0002,2025-05-14 06:32:00,673
L01071,(81) 90001-0001,(81) 90001-0004,2025-05-15 20:15:00,366
L01072,(81) 90001-0006,(81) 90001-0011,2025-05-15 15:25:00,874
L01073,(81) 90001-0006,(81) 90001-0011,2025-05-15 12:26:00,752
L01074,(81) 90001-0004,(81) 90001-0008,2025-05-15 10:01:00,639
L01075,(81) 90001-0002,(81) 90001-0004,2025-05-15 12:55:00,758
L01076,(81) 90001-0001,(81) 90001-0002,2025-05-15 20:44:00,531
L01077,(81) 90001-0003,(81) 90001-0012,2025-05-15 22:07:00,63
L01078,(81) 90001-0001,(81) 90001-0003,2025-05-15 09:18:00,44
L01079,(81) 90001-0004,(81) 90001-0008,2025-05-15 15:10:00,400
L01080,(81) 90001-0008,(81) 90001-0009,2025-05-16 21:20:00,242
L01081,(81) 90001-0011,(81) 90001-0012,2025-05-16 13:09:00,604
L01082,(81) 90001-0009,(81) 90001-0010,2025-05-16 14:11:00,735
L01083,(81) 90001-0006,(81) 90001-0011,2025-05-16 16:34:00,898
L01084,(81) 90001-0001,(81) 90001-0008,2025-05-17 19:24:00,239
L01085,(81) 90001-0001,(81) 90001-0003,2025-05-17 12:38:00,277
L01086,(81) 90001-0011,(81) 90001-0012,2025-05-17 07:32:00,224
L01087,(81) 90001-0003,(81) 90001-0012,2025-05-17 09:02:00,738
L01088,(81) 90001-0011,(81) 90001-0012,2025-05-18 22:54:00,899
L01089,(81) 90001-0003,(81) 90001-0006,2025-05-18 12:05:00,268
L01090,(81) 90001-0011,(81) 90001-0012,2025-05-18 20:23:00,167
L01091,(81) 90001-0001,(81) 90001-0008,2025-05-18 12:27:00,610
L01092,(81) 90001-0002,(81) 90001-0006,2025-05-18 18:38:00,396
L01093,(81) 90001-0001,(81) 90001-0003,2025-05-18 21:15:00,367
L01094,(81) 90001-0003,(81) 90001-0006,2025-05-18 23:38:00,323
L01095,(81) 90001-0004,(81) 90001-0008,2025-05-18 22:25:00,64
L01096,(81) 90001-0004,(81) 90001-0008,2025-05-18 11:00:00,766
L01097,(81) 90001-0002,(81) 90001-0006,2025-05-18 19:16:00,193
L01098,(81) 90001-0011,(81) 90001-0012,2025-05-18 09:36:00,427
L01099,(81) 90001-0009,(81) 90001-0010,2025-05-19 11:37:00,266
L01100,(81) 90001-0003,(81) 90001-0006,2025-05-19 19:47:00,866
L01101,(81) 90001-0008,(81) 90001-0009,2025-05-19 20:54:00,598
L01102,(81) 90001-0001,(81) 90001-0003,2025-05-19 16:24:00,74
L01103,(81) 90001-0001,(81) 90001-0008,2025-05-19 22:53:00,218
L01104,(81) 90001-0001,(81) 90001-0008,2025-05-19 13:26:00,338
L01105,(81) 90001-0001,(81) 90001-0008,2025-05-19 15:05:00,696
L01106,(81) 90001-0001,(81) 90001-0003,2025-05-19 23:42:00,182
L01107,(81) 90001-0009,(81) 90001-0010,2025-05-19 17:56:00,415
L01108,(81) 90001-0008,(81) 90001-0009,2025-05-20 06:24:00,74
L01109,(81) 90001-0002,(81) 90001-0004,2025-05-20 15:21:00,707
L01110,(81) 90001-0001,(81) 90001-0008,2025-05-20 08:32:00,713
L01111,(81) 90001-0002,(81) 90001-0006,2025-05-20 19:05:00,648
L01112,(81) 90001-0004,(81) 90001-0008,2025-05-20 20:40:00,576
L01113,(81) 90001-0002,(81) 90001-0004,2025-05-20 15:22:00,541
L01114,(81) 90001-0004,(81) 90001-0009,2025-05-20 17:47:00,801
L01115,(81) 90001-0004,(81) 90001-0009,2025-05-20 17:43:00,401
L01116,(81) 90001-0002,(81) 90001-0006,2025-05-20 23:47:00,866
L01117,(81) 90001-0001,(81) 90001-0002,2025-05-20 10:42:00,238
L01118,(81) 90001-0002,(81) 90001-0006,2025-05-21 22:56:00,621
L01119,(81) 90001-0003,(81) 90001-0012,2025-05-21 20:38:00,30
L01120,(81) 90001-0002,(81) 90001-0006,2025-05-21 16:34:00,515
L01121,(81) 90001-0003,(81) 90001-0012,2025-05-21 19:22:00,697
L01122,(81) 90001-0002,(81) 90001-0006,2025-05-22 12:17:00,417
L01123,(81) 90001-0001,(81) 90001-0003,2025-05-22 09:41:00,830
L01124,(81) 90001-0008,(81) 90001-0009,2025-05-22 22:42:00,824
L01125,(81) 90001-0001,(81) 90001-0008,2025-05-22 20:38:00,250
L01126,(81) 90001-0011,(81) 90001-0012,2025-05-22 21:16:00,169
L01127,(81) 90001-0001,(81) 90001-0004,2025-05-23 19:53:00,234
L01128,(81) 90001-0001,(81) 90001-0004,2025-05-23 17:05:00,348
L01129,(81) 90001-0009,(81) 90001-0010,2025-05-23 06:12:00,458
L01130,(81) 90001-0009,(81) 90001-0010,2025-05-23 18:53:00,92
L01131,(81) 90001-0006,(81) 90001-0011,2025-05-23 10:37:00,886
L01132,(81) 90001-0003,(81) 90001-0006,2025-05-24 21:48:00,839
L01133,(81) 90001-0002,(81) 90001-0004,2025-05-24 07:52:00,505
L01134,(81) 90001-0001,(81) 90001-0004,2025-05-24 08:59:00,454
L01135,(81) 90001-0003,(81) 90001-0006,2025-05-24 23:09:00,748
L01136,(81) 90001-0001,(81) 90001-0008,2025-05-24 06:00:00,366
L01137,(81) 90001-0009,(81) 90001-0010,2025-05-24 17:27:00,572
L01138,(81) 90001-0002,(81) 90001-0006,2025-05-24 19:27:00,305
L01139,(81) 90001-0011,(81) 90001-0012,2025-05-25 21:16:00,686
L01140,(81) 90001-0004,(81) 90001-0008,2025-05-25 20:32:00,60
L01141,(81) 90001-0006,(81) 90001-0011,2025-05-25 17:38:00,819
L01142,(81) 90001-0001,(81) 90001-0008,2025-05-25 19:38:00,842
L01143,(81) 90001-0006,(81) 90001-0011,2025-05-25 07:28:00,736
L01144,(81) 90001-0002,(81) 90001-0006,2025-05-26 14:43:00,358
L01145,(81) 90001-0011,(81) 90001-0012,2025-05-26 20:56:00,314
L01146,(81) 90001-0009,(81) 90001-0010,2025-05-26 15:13:00,28
L01147,(81) 90001-0004,(81) 90001-0009,2025-05-26 17:59:00,317
L01148,(81) 90001-0004,(81) 90001-0009,2025-05-26 19:31:00,19
L01149,(81) 90001-0003,(81) 90001-0012,2025-05-26 19:39:00,281
L01150,(81) 90001-0008,(81) 90001-0009,2025-05-26 16:35:00,794
L01151,(81) 90001-0001,(81) 90001-0004,2025-05-26 19:46:00,450
L01152,(81) 90001-0003,(81) 90001-0006,2025-05-27 09:26:00,365
L01153,(81) 90001-0002,(81) 90001-0006,2025-05-27 13:52:00,690
L01154,(81) 90001-0001,(81) 90001-0003,2025-05-27 14:32:00,316
L01155,(81) 90001-0001,(81) 90001-0002,2025-05-27 21:33:00,874
L01156,(81) 90001-0001,(81) 90001-0004,2025-05-27 09:53:00,829
L01157,(81) 90001-0006,(81) 90001-0011,2025-05-27 19:20:00,378
L01158,(81) 90001-0008,(81) 90001-0009,2025-05-27 15:57:00,107
L01159,(81) 90001-0002,(81) 90001-0006,2025-05-27 11:30:00,40
L01160,(81) 90001-0008,(81) 90001-0009,2025-05-27 14:53:00,526
L01161,(81) 90001-0003,(81) 90001-0006,2025-05-27 13:18:00,75
L01162,(81) 90001-0001,(81) 90001-0003,2025-05-27 22:34:00,753
L01163,(81) 90001-0003,(81) 90001-0006,2025-05-28 09:54:00,845
L01164,(81) 90001-0002,(81) 90001-0004,2025-05-28 08:58:00,783
L01165,(81) 90001-0011,(81) 90001-0012,2025-05-28 11:03:00,703
L01166,(81) 90001-0006,(81) 90001-0011,2025-05-28 21:11:00,677
L01167,(81) 90001-0002,(81) 90001-0004,2025-05-28 22:01:00,693
L01168,(81) 90001-0003,(81) 90001-0012,2025-05-28 21:04:00,270
L01169,(81) 90001-0001,(81) 90001-0004,2025-05-28 14:40:00,622
L01170,(81) 90001-0002,(81) 90001-0006,2025-05-29 11:23:00,651
L01171,(81) 90001-0001,(81) 90001-0008,2025-05-29 22:00:00,791
L01172,(81) 90001-0004,(81) 90001-0008,2025-05-29 10:50:00,743
L01173,(81) 90001-0003,(81) 90001-0006,2025-05-29 23:01:00,646
L01174,(81) 90001-0001,(81) 90001-0002,2025-05-30 16:14:00,185
L01175,(81) 90001-0008,(81) 90001-0009,2025-05-30 18:35:00,642
L01176,(81) 90001-0004,(81) 90001-0009,2025-05-30 08:57:00,535
L01177,(81) 90001-0001,(81) 90001-0003,2025-05-30 06:04:00,419
L01178,(81) 90001-0009,(81) 90001-0010,2025-05-30 19:06:00,475
L01179,(81) 90001-0003,(81) 90001-0006,2025-05-30 16:40:00,418
L01180,(81) 90001-0003,(81) 90001-0012,2025-05-31 09:37:00,218
L01181,(81) 90001-0004,(81) 90001-0009,2025-05-31 12:23:00,83
L01182,(81) 90001-0009,(81) 90001-0010,2025-05-31 10:19:00,843
L01183,(81) 90001-0009,(81) 90001-0010,2025-05-31 14:57:00,242
L01184,(81) 90001-0003,(81) 90001-0012,2025-05-31 18:54:00,636
L01185,(81) 90001-0003,(81) 90001-0006,2025-05-31 10:17:00,69
L01186,(81) 90001-0008,(81) 90001-0009,2025-05-31 17:56:00,270
L01187,(81) 90001-0004,(81) 90001-0008,2025-05-31 12:34:00,34
L01188,(81) 90001-0006,(81) 90001-0011,2025-05-31 13:53:00,537
L01189,(81) 90001-0004,(81) 90001-0009,2025-05-31 10:54:00,638
L01190,(81) 90001-0011,(81) 90001-0012,2025-05-31 06:15:00,339
L01191,(81) 90001-0004,(81) 90001-0009,2025-05-31 21:46:00,770
L01192,(81) 90001-0006,(81) 90001-0011,2025-06-01 22:01:00,758
L01193,(81) 90001-0004,(81) 90001-0008,2025-06-01 18:04:00,168
L01194,(81) 90001-0003,(81) 90001-0012,2025-06-01 15:53:00,122
L01195,(81) 90001-0003,(81) 90001-0012,2025-06-01 23:18:00,206
L01196,(81) 90001-0004,(81) 90001-0009,2025-06-01 21:59:00,120
L01197,(81) 90001-0003,(81) 90001-0012,2025-06-01 20:58:00,766
L01198,(81) 90001-0003,(81) 90001-0006,2025-06-01 07:39:00,85
L01199,(81) 90001-0001,(81) 90001-0003,2025-06-01 08:24:00,439
L01200,(81) 90001-0002,(81) 90001-0006,2025-06-02 18:27:00,774
L01201,(81) 90001-0011,(81) 90001-0012,2025-06-02 17:04:00,758
L01202,(81) 90001-0011,(81) 90001-0012,2025-06-02 09:44:00,328
L01203,(81) 90001-0002,(81) 90001-0004,2025-06-02 10:30:00,138
L01204,(81) 90001-0011,(81) 90001-0012,2025-06-02 06:18:00,363
L01205,(81) 90001-0001,(81) 90001-0004,2025-06-02 14:41:00,39
L01206,(81) 90001-0002,(81) 90001-0006,2025-06-02 07:32:00,563
L01207,(81) 90001-0001,(81) 90001-0003,2025-06-02 22:26:00,125
L01208,(81) 90001-0006,(81) 90001-0011,2025-06-02 23:54:00,534
L01209,(81) 90001-0006,(81) 90001-0011,2025-06-03 23:51:00,545
L01210,(81) 90001-0004,(81) 90001-0008,2025-06-03 19:33:00,854
L01211,(81) 90001-0004,(81) 90001-0009,2025-06-03 22:36:00,526
L01212,(81) 90001-0009,(81) 90001-0010,2025-06-03 10:47:00,274
L01213,(81) 90001-0001,(81) 90001-0008,2025-06-03 10:32:00,388
L01214,(81) 90001-0003,(81) 90001-0012,2025-06-03 10:51:00,441
L01215,(81) 90001-0004,(81) 90001-0008,2025-06-03 07:30:00,254
L01216,(81) 90001-0002,(81) 90001-0004,2025-06-03 15:32:00,860
L01217,(81) 90001-0008,(81) 90001-0009,2025-06-04 06:00:00,375
L01218,(81) 90001-0003,(81) 90001-0012,2025-06-04 13:00:00,382
L01219,(81) 90001-0003,(81) 90001-0012,2025-06-04 18:50:00,82
L01220,(81) 90001-0006,(81) 90001-0011,2025-06-04 12:26:00,797
L01221,(81) 90001-0011,(81) 90001-0012,2025-06-04 06:10:00,387
L01222,(81) 90001-0003,(81) 90001-0012,2025-06-04 10:41:00,532
L01223,(81) 90001-0001,(81) 90001-0003,2025-06-04 19:20:00,146
L01224,(81) 90001-0002,(81) 90001-0006,2025-06-04 06:02:00,515
L01225,(81) 90001-0001,(81) 90001-0003,2025-06-04 08:07:00,307
L01226,(81) 90001-0001,(81) 90001-0004,2025-06-04 12:16:00,143
L01227,(81) 90001-0001,(81) 90001-0008,2025-06-04 12:23:00,468
L01228,(81) 90001-0004,(81) 90001-0009,2025-06-05 22:11:00,761
L01229,(81) 90001-0001,(81) 90001-0003,2025-06-05 20:47:00,218
L01230,(81) 90001-0006,(81) 90001-0011,2025-06-05 19:25:00,125
L01231,(81) 90001-0001,(81) 90001-0003,2025-06-05 12:38:00,397
L01232,(81) 90001-0006,(81) 90001-0011,2025-06-05 08:02:00,206
L01233,(81) 90001-0004,(81) 90001-0008,2025-06-05 11:02:00,315
L01234,(81) 90001-0002,(81) 90001-0006,2025-06-05 08:37:00,791
L01235,(81) 90001-0002,(81) 90001-0006,2025-06-06 16:41:00,516
L01236,(81) 90001-0001,(81) 90001-0003,2025-06-06 07:50:00,636
L01237,(81) 90001-0001,(81) 90001-0003,2025-06-06 19:27:00,851
L01238,(81) 90001-0001,(81) 90001-0004,2025-06-06 09:03:00,865
L01239,(81) 90001-0004,(81) 90001-0009,2025-06-06 19:43:00,175
L01240,(81) 90001-0001,(81) 90001-0002,2025-06-06 06:33:00,332
L01241,(81) 90001-0002,(81) 90001-0004,2025-06-06 11:56:00,95
L01242,(81) 90001-0009,(81) 90001-0010,2025-06-06 17:18:00,605
L01243,(81) 90001-0002,(81) 90001-0004,2025-06-07 23:26:00,45
L01244,(81) 90001-0001,(81) 90001-0003,2025-06-07 09:36:00,104
L01245,(81) 90001-0001,(81) 90001-0002,2025-06-07 12:30:00,234
L01246,(81) 90001-0003,(81) 90001-0012,2025-06-07 15:05:00,266
L01247,(81) 90001-0004,(81) 90001-0008,2025-06-07 14:26:00,424
L01248,(81) 90001-0001,(81) 90001-0004,2025-06-07 20:21:00,119
L01249,(81) 90001-0002,(81) 90001-0006,2025-06-08 08:13:00,398
L01250,(81) 90001-0009,(81) 90001-0010,2025-06-08 11:39:00,732
L01251,(81) 90001-0003,(81) 90001-0006,2025-06-08 18:42:00,790
L01252,(81) 90001-0002,(81) 90001-0006,2025-06-08 18:34:00,39
L01253,(81) 90001-0001,(81) 90001-0002,2025-06-08 12:36:00,275
L01254,(81) 90001-0011,(81) 90001-0012,2025-06-09 10:10:00,435
L01255,(81) 90001-0001,(81) 90001-0003,2025-06-09 21:42:00,343
L01256,(81) 90001-0001,(81) 90001-0004,2025-06-09 10:50:00,819
L01257,(81) 90001-0003,(81) 90001-0012,2025-06-09 14:12:00,232
L01258,(81) 90001-0001,(81) 90001-0004,2025-06-09 21:19:00,673
L01259,(81) 90001-0001,(81) 90001-0004,2025-06-09 14:35:00,315
L01260,(81) 90001-0004,(81) 90001-0008,2025-06-09 21:35:00,438
L01261,(81) 90001-0001,(81) 90001-0004,2025-06-09 23:26:00,525
L01262,(81) 90001-0004,(81) 90001-0008,2025-06-09 23:18:00,260
L01263,(81) 90001-0006,(81) 90001-0011,2025-06-10 17:07:00,788
L01264,(81) 90001-0009,(81) 90001-0010,2025-06-10 21:01:00,139
L01265,(81) 90001-0003,(81) 90001-0012,2025-06-10 17:09:00,641
L01266,(81) 90001-0001,(81) 90001-0003,2025-06-10 13:57:00,274
L01267,(81) 90001-0001,(81) 90001-0003,2025-06-10 15:50:00,381
L01268,(81) 90001-0004,(81) 90001-0009,2025-06-10 21:28:00,896
L01269,(81) 90001-0001,(81) 90001-0008,2025-06-10 14:13:00,875
L01270,(81) 90001-0011,(81) 90001-0012,2025-06-10 07:56:00,272
L01271,(81) 90001-0001,(81) 90001-0002,2025-06-10 15:20:00,285
L01272,(81) 90001-0004,(81) 90001-0009,2025-06-11 13:24:00,607
L01273,(81) 90001-0002,(81) 90001-0006,2025-06-11 16:20:00,280
L01274,(81) 90001-0002,(81) 90001-0006,2025-06-11 12:31:00,265
L01275,(81) 90001-0006,(81) 90001-0011,2025-06-11 13:48:00,351
L01276,(81) 90001-0009,(81) 90001-0010,2025-06-11 19:17:00,685
L01277,(81) 90001-0001,(81) 90001-0003,2025-06-11 14:19:00,880
L01278,(81) 90001-0001,(81) 90001-0008,2025-06-11 14:32:00,219
L01279,(81) 90001-0011,(81) 90001-0012,2025-06-11 16:51:00,436
L01280,(81) 90001-0004,(81) 90001-0009,2025-06-11 10:48:00,254
L01281,(81) 90001-0003,(81) 90001-0006,2025-06-12 06:07:00,94
L01282,(81) 90001-0001,(81) 90001-0003,2025-06-12 23:22:00,817
L01283,(81) 90001-0004,(81) 90001-0008,2025-06-12 15:42:00,271
L01284,(81) 90001-0002,(81) 90001-0004,2025-06-12 06:44:00,880
L01285,(81) 90001-0002,(81) 90001-0006,2025-06-12 12:56:00,459
L01286,(81) 90001-0001,(81) 90001-0004,2025-06-12 09:22:00,573
L01287,(81) 90001-0001,(81) 90001-0002,2025-06-12 17:17:00,744
L01288,(81) 90001-0004,(81) 90001-0008,2025-06-12 09:41:00,628
L01289,(81) 90001-0004,(81) 90001-0009,2025-06-13 12:27:00,395
L01290,(81) 90001-0003,(81) 90001-0006,2025-06-13 21:19:00,320
L01291,(81) 90001-0001,(81) 90001-0004,2025-06-13 20:32:00,198
L01292,(81) 90001-0002,(81) 90001-0006,2025-06-13 16:33:00,307
L01293,(81) 90001-0011,(81) 90001-0012,2025-06-13 11:46:00,474
L01294,(81) 90001-0011,(81) 90001-0012,2025-06-13 06:48:00,299
L01295,(81) 90001-0001,(81) 90001-0002,2025-06-13 11:03:00,272
L01296,(81) 90001-0009,(81) 90001-0010,2025-06-13 10:58:00,311
L01297,(81) 90001-0001,(81) 90001-0008,2025-06-13 07:11:00,476
L01298,(81) 90001-0002,(81) 90001-0004,2025-06-13 19:53:00,93
L01299,(81) 90001-0008,(81) 90001-0009,2025-06-14 21:14:00,371
L01300,(81) 90001-0002,(81) 90001-0006,2025-06-14 23:24:00,830
L01301,(81) 90001-0004,(81) 90001-0008,2025-06-14 07:06:00,169
L01302,(81) 90001-0004,(81) 90001-0008,2025-06-14 13:55:00,855
L01303,(81) 90001-0001,(81) 90001-0004,2025-06-14 17:16:00,848
L01304,(81) 90001-0004,(81) 90001-0008,2025-06-14 13:10:00,725
L01305,(81) 90001-0002,(81) 90001-0006,2025-06-14 08:16:00,496
L01306,(81) 90001-0008,(81) 90001-0009,2025-06-14 21:37:00,603
L01307,(81) 90001-0001,(81) 90001-0004,2025-06-14 13:12:00,598
L01308,(81) 90001-0001,(81) 90001-0002,2025-06-14 09:56:00,510
L01309,(81) 90001-0002,(81) 90001-0006,2025-06-15 07:33:00,610
L01310,(81) 90001-0004,(81) 90001-0008,2025-06-15 15:13:00,569
L01311,(81) 90001-0003,(81) 90001-0012,2025-06-15 16:30:00,605
L01312,(81) 90001-0001,(81) 90001-0008,2025-06-15 21:05:00,205
L01313,(81) 90001-0011,(81) 90001-0012,2025-06-16 11:33:00,344
L01314,(81) 90001-0003,(81) 90001-0012,2025-06-16 09:28:00,887
L01315,(81) 90001-0003,(81) 90001-0012,2025-06-16 06:58:00,358
L01316,(81) 90001-0002,(81) 90001-0006,2025-06-16 16:02:00,691
L01317,(81) 90001-0001,(81) 90001-0008,2025-06-16 09:59:00,210
L01318,(81) 90001-0009,(81) 90001-0010,2025-06-16 16:49:00,769
L01319,(81) 90001-0001,(81) 90001-0002,2025-06-16 21:23:00,484
L01320,(81) 90001-0003,(81) 90001-0012,2025-06-17 10:40:00,697
L01321,(81) 90001-0001,(81) 90001-0008,2025-06-17 17:43:00,752
L01322,(81) 90001-0001,(81) 90001-0003,2025-06-17 07:13:00,59
L01323,(81) 90001-0002,(81) 90001-0004,2025-06-17 10:43:00,406
L01324,(81) 90001-0011,(81) 90001-0012,2025-06-17 06:36:00,192
L01325,(81) 90001-0002,(81) 90001-0006,2025-06-17 18:00:00,206
L01326,(81) 90001-0001,(81) 90001-0008,2025-06-18 16:31:00,413
L01327,(81) 90001-0002,(81) 90001-0004,2025-06-18 18:45:00,246
L01328,(81) 90001-0001,(81) 90001-0003,2025-06-18 10:49:00,761
L01329,(81) 90001-0001,(81) 90001-0004,2025-06-18 07:54:00,629
L01330,(81) 90001-0008,(81) 90001-0009,2025-06-18 12:57:00,654
L01331,(81) 90001-0011,(81) 90001-0012,2025-06-18 14:13:00,871
L01332,(81) 90001-0003,(81) 90001-0006,2025-06-18 20:02:00,372
L01333,(81) 90001-0008,(81) 90001-0009,2025-06-18 14:22:00,877
L01334,(81) 90001-0004,(81) 90001-0008,2025-06-19 21:01:00,895
L01335,(81) 90001-0011,(81) 90001-0012,2025-06-19 16:08:00,853
L01336,(81) 90001-0003,(81) 90001-0012,2025-06-19 11:13:00,884
L01337,(81) 90001-0003,(81) 90001-0012,2025-06-19 07:58:00,736
L01338,(81) 90001-0003,(81) 90001-0012,2025-06-19 21:19:00,833
L01339,(81) 90001-0004,(81) 90001-0009,2025-06-20 15:02:00,250
L01340,(81) 90001-0002,(81) 90001-0006,2025-06-20 07:39:00,250
L01341,(81) 90001-0001,(81) 90001-0002,2025-06-20 15:57:00,253
L01342,(81) 90001-0011,(81) 90001-0012,2025-06-20 22:14:00,16
L01343,(81) 90001-0002,(81) 90001-0006,2025-06-20 15:04:00,506
L01344,(81) 90001-0011,(81) 90001-0012,2025-06-20 11:34:00,332
L01345,(81) 90001-0001,(81) 90001-0008,2025-06-20 21:24:00,890
L01346,(81) 90001-0009,(81) 90001-0010,2025-06-20 10:22:00,534
L01347,(81) 90001-0001,(81) 90001-0004,2025-06-20 08:26:00,731
L01348,(81) 90001-0003,(81) 90001-0006,2025-06-20 08:53:00,655
L01349,(81) 90001-0004,(81) 90001-0008,2025-06-21 16:31:00,858
L01350,(81) 90001-0011,(81) 90001-0012,2025-06-21 20:04:00,151
L01351,(81) 90001-0003,(81) 90001-0006,2025-06-21 13:47:00,502
L01352,(81) 90001-0001,(81) 90001-0003,2025-06-21 16:23:00,449
L01353,(81) 90001-0004,(81) 90001-0009,2025-06-21 06:02:00,180
L01354,(81) 90001-0001,(81) 90001-0002,2025-06-21 08:38:00,591
L01355,(81) 90001-0002,(81) 90001-0006,2025-06-21 08:15:00,807
L01356,(81) 90001-0001,(81) 90001-0004,2025-06-21 12:06:00,225
L01357,(81) 90001-0001,(81) 90001-0004,2025-06-22 15:49:00,546
L01358,(81) 90001-0003,(81) 90001-0012,2025-06-22 09:06:00,235
L01359,(81) 90001-0011,(81) 90001-0012,2025-06-22 06:04:00,337
L01360,(81) 90001-0003,(81) 90001-0012,2025-06-22 10:13:00,683
L01361,(81) 90001-0004,(81) 90001-0008,2025-06-22 06:44:00,714
L01362,(81) 90001-0001,(81) 90001-0003,2025-06-22 12:17:00,254
L01363,(81) 90001-0004,(81) 90001-0009,2025-06-22 07:17:00,822
L01364,(81) 90001-0004,(81) 90001-0008,2025-06-22 19:56:00,656
L01365,(81) 90001-0011,(81) 90001-0012,2025-06-23 16:29:00,714
L01366,(81) 90001-0001,(81) 90001-0008,2025-06-23 14:59:00,877
L01367,(81) 90001-0009,(81) 90001-0010,2025-06-23 16:50:00,590
L01368,(81) 90001-0001,(81) 90001-0003,2025-06-23 17:05:00,713
L01369,(81) 90001-0006,(81) 90001-0011,2025-06-23 20:14:00,477
L01370,(81) 90001-0001,(81) 90001-0004,2025-06-23 16:57:00,229
L01371,(81) 90001-0003,(81) 90001-0012,2025-06-23 15:05:00,127
L01372,(81) 90001-0002,(81) 90001-0006,2025-06-23 23:40:00,594
L01373,(81) 90001-0003,(81) 90001-0012,2025-06-23 16:40:00,878
L01374,(81) 90001-0001,(81) 90001-0002,2025-06-24 13:41:00,620
L01375,(81) 90001-0011,(81) 90001-0012,2025-06-24 17:06:00,200
L01376,(81) 90001-0004,(81) 90001-0008,2025-06-24 18:32:00,345
L01377,(81) 90001-0008,(81) 90001-0009,2025-06-24 11:36:00,379
L01378,(81) 90001-0004,(81) 90001-0009,2025-06-24 13:01:00,732
L01379,(81) 90001-0009,(81) 90001-0010,2025-06-24 07:32:00,295
L01380,(81) 90001-0008,(81) 90001-0009,2025-06-24 18:13:00,817
L01381,(81) 90001-0006,(81) 90001-0011,2025-06-24 15:50:00,856
L01382,(81) 90001-0006,(81) 90001-0011,2025-06-24 15:51:00,322
L01383,(81) 90001-0004,(81) 90001-0008,2025-06-24 08:58:00,428
L01384,(81) 90001-0003,(81) 90001-0012,2025-06-25 06:08:00,701
L01385,(81) 90001-0001,(81) 90001-0008,2025-06-25 22:28:00,743
L01386,(81) 90001-0008,(81) 90001-0009,2025-06-25 17:09:00,187
L01387,(81) 90001-0001,(81) 90001-0008,2025-06-25 06:28:00,291
L01388,(81) 90001-0008,(81) 90001-0009,2025-06-25 23:17:00,629
L01389,(81) 90001-0008,(81) 90001-0009,2025-06-25 11:39:00,676
L01390,(81) 90001-0004,(81) 90001-0009,2025-06-25 22:15:00,323
L01391,(81) 90001-0001,(81) 90001-0008,2025-06-25 08:01:00,696
L01392,(81) 90001-0009,(81) 90001-0010,2025-06-25 20:08:00,29
L01393,(81) 90001-0001,(81) 90001-0008,2025-06-25 10:34:00,446
L01394,(81) 90001-0001,(81) 90001-0002,2025-06-26 12:26:00,713
L01395,(81) 90001-0001,(81) 90001-0002,2025-06-26 11:55:00,629
L01396,(81) 90001-0008,(81) 90001-0009,2025-06-26 20:20:00,402
L01397,(81) 90001-0008,(81) 90001-0009,2025-06-26 21:08:00,351
L01398,(81) 90001-0011,(81) 90001-0012,2025-06-27 10:33:00,100
L01399,(81) 90001-0003,(81) 90001-0006,2025-06-27 22:09:00,59
L01400,(81) 90001-0011,(81) 90001-0012,2025-06-27 17:26:00,793
L01401,(81) 90001-0001,(81) 90001-0008,2025-06-27 08:21:00,224
L01402,(81) 90001-0003,(81) 90001-0012,2025-06-27 13:40:00,382
L01403,(81) 90001-0011,(81) 90001-0012,2025-06-27 07:20:00,172
L01404,(81) 90001-0004,(81) 90001-0009,2025-06-27 19:09:00,304
L01405,(81) 90001-0003,(81) 90001-0012,2025-06-27 21:24:00,480
L01406,(81) 90001-0001,(81) 90001-0004,2025-06-27 21:19:00,671
L01407,(81) 90001-0006,(81) 90001-0011,2025-06-27 13:59:00,361
L01408,(81) 90001-0001,(81) 90001-0002,2025-06-27 13:19:00,246
L01409,(81) 90001-0001,(81) 90001-0008,2025-06-28 06:19:00,35
L01410,(81) 90001-0003,(81) 90001-0012,2025-06-28 23:07:00,34
L01411,(81) 90001-0002,(81) 90001-0004,2025-06-28 16:18:00,305
L01412,(81) 90001-0011,(81) 90001-0012,2025-06-28 22:58:00,711
L01413,(81) 90001-0009,(81) 90001-0010,2025-06-28 23:43:00,158
L01414,(81) 90001-0004,(81) 90001-0008,2025-06-28 13:43:00,660
L01415,(81) 90001-0006,(81) 90001-0011,2025-06-28 08:51:00,681
L01416,(81) 90001-0003,(81) 90001-0006,2025-06-28 12:56:00,730
L01417,(81) 90001-0003,(81) 90001-0012,2025-06-28 23:38:00,490
L01418,(81) 90001-0006,(81) 90001-0011,2025-06-28 14:12:00,189
L01419,(81) 90001-0011,(81) 90001-0012,2025-06-28 23:25:00,410
L01420,(81) 90001-0003,(81) 90001-0012,2025-06-28 07:55:00,469
L01421,(81) 90001-0002,(81) 90001-0004,2025-06-29 08:40:00,722
L01422,(81) 90001-0004,(81) 90001-0008,2025-06-29 12:39:00,602
L01423,(81) 90001-0003,(81) 90001-0012,2025-06-29 15:07:00,739
L01424,(81) 90001-0001,(81) 90001-0008,2025-06-29 10:59:00,52
L01425,(81) 90001-0001,(81) 90001-0003,2025-06-29 06:01:00,563
